Unha tenda de <b>artigos</b> de regalo.	Unha tenda de <b>obxectos</b> de regalo.	T
Para acompañar o xantar compramos un <b>molete</b> de quilo e medio.	Para acompañar o xantar compramos un <b>filete</b> de quilo e medio.	F
As <b>cozas</b> dos castiñeiros agromaban.	É importante darlles unha boa <b>coza</b> para que non rompan as bolas.	F
Esta orde vai <b>reforzar</b> as anteriores.	Esta orde vai <b>anular</b> as anteriores.	F
Achegouse a ela e pasoulle a man pola <b>queixada</b>.	Eu sempre me <b>queixo</b> do soldo, sobre todo cando os xefes andan á escoita.	F
Dez é o <b>duplo</b> de cinco. 	É un actor moi completo, nunca necesitou un <b>substituto</b>.	F
Puxo a sortella no <b>mediano</b> da man dereita.	Esta orde vai <b>anular</b> as anteriores.	F
Eu <b>acordo</b> todas as mañás antes das 7.	Por culpa da luz <b>acordo</b> moi cedo.	T
A espiga do trigo xa comeza a <b>apuntar</b>.	<b>Anotou</b> todos os números de teléfono na axenda.	F
Eran tantos que parecían un <b>banco</b> de xurelos.	Nesta vila hai moitos <b>bancos</b> para gardar os aforros.	F
As <b>cozas</b> dos castiñeiros agromaban.	Saíron os bolos abecerrados por un defecto de <b>cocción</b>.	F
Eran tantos que parecían un <b>cardume</b> de xurelos.	Eran tantos que parecían <b>escamas</b> de xurelos.	F
Castigounos encerrados no seu <b>dormitorio</b>.	Naceu no segundo <b>cuartel</b> do século.	F
Unha tenda de <b>artigos</b> de regalo.	Tiña moitos <b>obxectos</b> nos estantes do seu comercio.	T
A <b>anchura</b> da nave era o que máis chamaba a atención.	Miña nai comprou un vestido sen <b>mangas</b> para levar á festa.	F
Os <b>cordeiros</b> desempeñan un oficio totalmente artesanal.	O <b>año</b> tamén é unha boa razón para tirar a rolla dun viño Syrah, así como as carnes de porco.	F
Rompeulle o lapis e non pode <b>apuntar</b> máis nada.	A espiga do trigo xa comeza a <b>aparecer</b>.	F
Para atraeren as robalizas iscaban <b>bolo</b> vivo.	En toda a tarde só pescaron dous <b>chocos</b> pequenos.	F
Meteu o <b>galo</b> no galiñeiro.	Meteu o <b>millo</b> no galiñeiro.	F
Sentamos nun <b>asento</b> do xardín.	Sentamos nun <b>banco</b> do xardín.	T
Ergueuse pola mañá cun <b>cabaleiro</b> no pescozo.	Ergueuse pola mañá cun <b>cabalo</b> no pescozo.	T
Todas as mañás o acordaba o canto dos <b>galos</b>.	Os <b>franceses</b> son amantes da boa cociña.	F
Sentamos nun <b>banco</b> do xardín.	Eran tantos que parecían un <b>cardume</b> de xurelos.	F
Unha tenda de <b>obxectos</b> de regalo.	Hoxe vén no xornal un <b>artigo</b> sobre o problema da droga.	F
A espiga do trigo xa comeza a <b>aparecer</b>.	A espiga do trigo xa comeza a <b>apuntar</b>.	T
Quen atopara unha fonte para calmar esta <b>secura</b>.	Vou á fonte por auga, que teño <b>sede</b>.	T
O <b>capón</b> andaba tras das polas.	Os <b>franceses</b> elixiron os seus representantes políticos.	F
O galeón navegaba con pouca <b>vela</b>.	O galeón navegaba con pouco <b>pano</b>.	T
O exército foi <b>agredir</b> un país estranxeiro.	Querían <b>observar</b> para despois roubar!	F
Leva un anel no <b>pé</b>.	Puxo a sortella no <b>mediano</b> da man dereita.	F
Dez é o <b>duplo</b> de cinco. 	É un actor moi completo, nunca necesitou un <b>dobre</b>.	F
As primeiras flores <b>apuntan</b> nesta época.	<b>Apuntou</b> todos os números de teléfono na axenda.	F
Eu sempre me <b>queixo</b> do soldo, sobre todo cando os xefes andan á escoita.	Achegouse a ela e pasoulle a man polo <b>queixo</b>.	F
Naceu no segundo <b>cuarto</b> do século.	Castigounos encerrados no seu <b>dormitorio</b>.	F
Viñan dous <b>xinetes</b> a galope pola chaira.	Da mala postura acabou collendo un <b>cabaleiro</b>.	F
Tivo varios <b>cálculos</b> biliares.	Ten que haber algún erro nos <b>cálculos</b> porque o resultado non é correcto.	F
Temos que chegar a un <b>bosque</b>.	Houbo un <b>pacto</b> entre o goberno e a oposición.	F
Un <b>cálculo</b> renal pode producir moita dor.	Quitáronlle unha <b>pedra</b> do ril.	T
Caeu e bateu co <b>queixelo</b> no chan.	Fomos a unhas xornadas gastronómicas do <b>queixo</b>.	F
Caeu e bateu co <b>queixelo</b> no chan.	Achegouse a ela e pasoulle a man polo <b>queixo</b>.	T
Canción de éxito da nosa <b>banda</b>.	Gústalle moito escoitar a este <b>grupo</b>.	T
A comida esta non me <b>sabe</b> nada.	A comida esta non me <b>agrada</b> nada.	T
Eu non me <b>laio</b> de que haxa cambios, que son imprescindibles, senón de que o estado de cousas que coñecemos non está evoluíndo ou "progresando".	Eu que me <b>alegro</b> sempre da falta de cultura de Lalín!	F
A <b>anchura</b> da nave era o que máis chamaba a atención.	Tomou un batido de <b>manga</b> moi cremoso.	F
Hoxe non é tan importante a produción de lá como antes e medrou en cambio a produción de carne de <b>cordeiro</b> e de leite para queixos.	Antes do <b>chourizo</b> compartimos unha ración de polbo e unha espectacular tortilla de pataca.	F
Ao moveres a cabeza quéixaste moito da dor que che dá ese <b>cabalo</b>!	Asento que se emprega para poñer nas costas do cabalo e sentar o <b>cabaleiro</b> con maior comodidade.	F
Eu que me <b>laio</b> sempre da falta de cultura de Lalín!	Achegouse a ela e pasoulle a man pola <b>queixada</b>.	F
Con 20 anos e a barba aínda non lle está a <b>aparecer</b>...	Tés que <b>anotar</b> todo o que eu che diga.	F
O camiño estase a <b>atacar</b> de lama coa enxurrada.	Con tanta terra o tubo vaise <b>manchar</b>.	F
Tivo varias <b>pedras</b> biliares.	Segundo os meus <b>cálculos</b> acabaremos en tres días.	F
Os <b>cordeiros</b> desempeñan un oficio totalmente artesanal.	Este <b>cordeiro</b> traballa moito con cánabo.	T
Leva un anel no <b>mediano</b>.	Esta orde vai <b>anular</b> as anteriores.	F
Meteu o fío pola <b>alfiestra</b> dunha agulla.	Eu <b>ollo</b> a xente feliz e reflíctome neles.	F
Envía todas as semanas un <b>texto</b> para publicar no xornal.	Publicou un <b>artigo</b> de opinión nunha revista dixital.	T
As <b>cepas</b> dos castiñeiros agromaban.	A figueira partiu pola <b>coza</b>.	T
Ergueuse pola mañá cun <b>mosquito</b> no pescozo.	Ergueuse pola mañá cun <b>cabaleiro</b> no pescozo.	F
As primeiras flores <b>apuntan</b> nesta época.	A espiga do trigo xa comeza a <b>apuntar</b>.	T
Meteu o <b>galo</b> no galiñeiro.	O <b>capón</b> andaba tras das polas.	T
Aprendeu a <b>cordeeiro</b> do seu pai.	Os <b>cordeeiros</b> desempeñan un oficio totalmente artesanal.	T
A <b>coza</b> do pan deixou un agradable cheiro na cociña.	A <b>codia</b> do pan deixou un agradable cheiro na cociña.	F
Meteu o <b>galo</b> no galiñeiro.	Os <b>franceses</b> son amantes da boa cociña.	F
Meteu o <b>millo</b> no galiñeiro.	Meteu o <b>capón</b> no galiñeiro.	F
O seu rostro evidenciaba a fatiga e as noites de <b>vixilia</b>.	O galeón navegaba con pouca <b>vela</b>.	F
Con tanta terra o tubo vaise <b>atacar</b>.	Mandara unha expedición para <b>atacar</b> os portos galegos.	F
Tivo varias <b>pedras</b> biliares.	Faga as <b>contas</b> do que lle debo.	F
Un caldiño para soportar a febre e tomar froitas como o kiwi e <b>mazás</b> para poñer fin ás dores abdominais por estrinximento.	Un caldiño para soportar a febre e tomar froitas como o kiwi e <b>cirolas</b> para poñer fin ás dores abdominais por estrinximento.	F
Con tanta terra o tubo vaise <b>atrancar</b>.	O camiño estase a <b>atacar</b> de lama coa enxurrada.	T
Aínda non <b>coñece</b> o resultado.	Que mal <b>sabe</b> este queixo!	F
Querían <b>observar</b> para despois roubar!	Querían <b>agredir</b> para despois roubar!	F
O poeta escribiu no terceiro <b>cuartel</b> do século XIII.	Chegou tan cansado que foi directo para o <b>cuarto</b>.	F
Aínda non <b>sabe</b> o resultado.	A comida esta non me <b>sabe</b> nada.	F
As <b>mangas</b> desta camisa danme moita calor.	O petroleiro tiña vinte metros de <b>manga</b>.	F
Para acompañar o xantar compramos un <b>molete</b> de quilo e medio.	Para acompañar o xantar compramos un <b>bolo</b> de quilo e medio.	T
Ten que haber algún erro nos <b>cálculos</b> porque o resultado non é correcto.	Faga as <b>contas</b> do que lle debo.	T
O rapaz pasou toda a noite en <b>vixilia</b>.	O rapaz pasou toda a noite en <b>soños</b>.	F
Eu sempre me <b>queixo</b> do soldo, sobre todo cando os xefes andan á escoita.	Eu que me <b>alegro</b> sempre da falta de cultura de Lalín!	F
Os <b>galos</b> elixiron os seus representantes políticos.	O <b>capón</b> andaba tras das polas.	F
Hoxe vén no xornal un <b>texto</b> sobre o problema da droga.	Publicou un <b>artigo</b> de opinión nunha revista dixital.	T
A espiga do trigo xa comeza a <b>apuntar</b>.	Rompeulle o lapis e non pode <b>apuntar</b> máis nada.	F
Faga as <b>contas</b> do que lle debo.	Tivo varios <b>cálculos</b> biliares.	F
Dez é o <b>duplo</b> de cinco. 	O <b>dobre</b> é tan bo que chegará a ser o protagonista principal!	F
Doíalle moito o <b>anular</b> da man esquerda.	Puxo a sortella no <b>mediano</b> da man dereita.	T
O seu rostro evidenciaba a fatiga e as noites de <b>vixilia</b>.	Despois de tres horas de <b>vela</b> foise deitar e adormeceu.	T
Este <b>asento</b> de pedra é algo incómodo.	Sentamos nun <b>banco</b> do xardín.	T
Os <b>xinetes</b> preparáronse para comezar a proba.	Ergueuse pola mañá cun <b>cabalo</b> no pescozo.	F
Viñan dous <b>cabaleiros</b> a galope pola chaira.	Viñan dous <b>asnos</b> a galope pola chaira.	F
O meniño do veciño chora sempre ás seis da mañá, xusto na hora que eu <b>esperto</b> estes días.	Por culpa da luz <b>durmo</b> moi cedo.	F
Aínda non <b>sabe</b> o resultado.	A comida esta non me <b>agrada</b> nada.	F
Unha consumidora acudiu a unha <b>entidade financeira</b> para solicitar un préstamo e foille denegado por falta de solvencia.	Sentamos nun <b>banco</b> do xardín.	F
Hoxe vén no xornal un <b>anuncio</b> sobre o problema da droga.	Publicou un <b>artigo</b> de opinión nunha revista dixital.	F
Ela <b>coñece</b> o funcionamento da máquina.	Aínda non <b>esquece</b> o resultado.	F
A comida esta non me <b>custa</b> nada.	Estas mazás <b>saben</b> que gorentan.	F
Naceu no segundo <b>cuarto</b> do século.	Chegou tan cansado que foi directo para o <b>cuarto</b>.	F
Naceu no segundo <b>cuarto</b> do século.	Naceu no segundo <b>cuartel</b> do século.	T
Miña nai comprou un vestido sen <b>mangas</b> para levar á festa.	Botoulle <b>manga</b> á ensalada.	F
Metín os cartos no <b>bolso</b>.	Metín os cartos no <b>banco</b>.	F
Queren <b>invalidar</b> todo o proceso.	Leva un anel no <b>mediano</b>.	F
Aprendeu a <b>cordeeiro</b> do seu pai.	Os <b>carpinteiros</b> desempeñan un oficio totalmente artesanal.	F
Camiño e <b>miro</b> ao meu arredor:	Hoxe eu <b>ollo</b> a noticia co ollar do escéptico que ten unha pregunta que non quere calar:	T
Cómpre reparar o <b>velame</b> despois dunha viaxe tan longa.	O rapaz pasou toda a noite en <b>vixilia</b>.	F
Achegouse a ela e pasoulle a man polo <b>brazo</b>.	Achegouse a ela e pasoulle a man pola <b>queixada</b>.	F
En toda a tarde só pescaron dous <b>bolos</b> pequenos.	En toda a tarde só pescaron dous <b>chocos</b> pequenos.	F
O camiño estase a <b>atacar</b> de lama coa enxurrada.	Aínda vai <b>atacar</b> aquel cano con tanta lama como baixa.	T
Eu que me <b>queixo</b> sempre da falta de cultura de Lalín!	Caíalle a baba pola <b>barbela</b> abaixo.	F
Eu <b>vexo</b> a xente feliz e reflíctome neles.	Non son quen de maxinar a un camelo pasando polo <b>burato</b> dunha agulla.	F
As <b>mangas</b> desta camisa danme moita calor.	Mandou construir unha embarcación de maior <b>manga</b>.	F
A comida esta non me <b>sabe</b> nada.	Ela <b>coñece</b> o funcionamento da máquina.	F
O poeta escribiu no terceiro <b>cuartel</b> do século XIII.	Naceu no segundo <b>terzo</b> do século.	F
Chegou tan cansado que foi directo para o <b>cuarto</b>.	Cambiou os mobles do <b>dormitorio</b> dos nenos.	T
Da mala postura acabou collendo un <b>cabaleiro</b>.	Asento que se emprega para poñer nas costas do cabalo e sentar o <b>cabaleiro</b> con maior comodidade.	F
Con 20 anos e a barba aínda non lle está a <b>aparecer</b>...	A espiga do trigo xa comeza a <b>apodrentar</b>.	F
O exército foi <b>agredir</b> un país estranxeiro.	Mandara unha expedición para <b>atacar</b> os portos galegos.	T
Tiña moitos <b>obxectos</b> nos estantes do seu comercio.	Publicou un <b>artigo</b> de opinión nunha revista dixital.	F
A comida esta non me <b>custa</b> nada.	A comida esta non me <b>agrada</b> nada.	F
Cambiou os mobles do <b>dormitorio</b> dos nenos.	O poeta escribiu no terceiro <b>cuartel</b> do século XIII.	F
O meniño do veciño chora sempre ás seis da mañá, xusto na hora que eu <b>esperto</b> estes días.	Despois de moito discutiren, chegaron a un completo <b>acordo</b>.	F
En toda a tarde só pescaron dous <b>bolos</b> pequenos.	Para acompañar o xantar compramos un <b>bolo</b> de quilo e medio.	F
É un actor moi completo, nunca necesitou un <b>descanso</b>.	O <b>dobre</b> é tan bo que chegará a ser o protagonista principal!	F
Ten que haber algún erro nas <b>contas</b> porque o resultado non é correcto.	Ten que haber algún erro nos <b>cálculos</b> porque o resultado non é correcto.	T
Os <b>xinetes</b> preparáronse para comezar a proba.	Asento que se emprega para poñer nas costas do cabalo e sentar o <b>cabaleiro</b> con maior comodidade.	T
Unha consumidora acudiu a unha <b>entidade financeira</b> para solicitar un préstamo e foille denegado por falta de solvencia.	Metín os cartos na <b>caixa de aforros</b>.	T
Ao moveres a cabeza quéixaste moito da dor que che dá ese <b>cabalo</b>!	Os <b>xinetes</b> preparáronse para comezar a proba.	F
Vou á fonte por auga, que teño <b>secura</b>.	A <b>localización</b> do evento será decidida esta semana.	F
Hoxe vén no xornal un <b>texto</b> sobre o problema da droga.	Tiña moitos <b>obxectos</b> nos estantes do seu comercio.	F
Ten que haber algún erro nas <b>contas</b> porque o resultado non é correcto.	Un <b>cálculo</b> renal pode producir moita dor.	F
Saíron os bolos abecerrados por un defecto de <b>cocción</b>.	As <b>cepas</b> dos castiñeiros agromaban.	F
Hoxe vén no xornal un <b>artigo</b> sobre o problema da droga.	Unha tenda de <b>artigos</b> de regalo.	F
Proba estas <b>cirolas</b> marelas.	En Galicia existe evidencia de consumo de ostras, mexillóns e <b>ameixas</b> nestas terras xa dende o século IV antes de Cristo.	F
Cambiou os mobles do <b>cuarto</b> dos nenos.	Naceu no segundo <b>cuarto</b> do século.	F
O alento ten como única vía de saída un orificio do tamaño do <b>ollo</b> dunha agulla.	Meteu o fío polo <b>ollo</b> dunha agulla.	T
O forte vento enchía a <b>vela</b> daquela dorna.	O galeón navegaba con pouco <b>pano</b>.	T
Cambiou os mobles do <b>cuarto</b> dos nenos.	Castigounos encerrados no seu <b>dormitorio</b>.	T
Leva un anel no <b>mediano</b>.	O médico non che vai <b>anular</b> a consulta!	F
Antes do <b>año</b> compartimos unha ración de polbo e unha espectacular tortilla de pataca.	Antes do <b>chourizo</b> compartimos unha ración de polbo e unha espectacular tortilla de pataca.	F
O <b>molete</b> tiña a codia un pouco dura.	Para acompañar o xantar compramos un <b>molete</b> de quilo e medio.	T
Tamén se instalou un gran <b>banco</b> de madeira no frontal e unha bancada aproveitando o muro de separación da zona do estanque da rúa.	Sentamos nun <b>asento</b> do xardín.	T
As <b>cozas</b> dos castiñeiros agromaban.	As <b>cepas</b> dos castiñeiros agromaban.	T
Metín os cartos no <b>banco</b>.	Tamén se instalou un gran <b>banco</b> de madeira no frontal e unha bancada aproveitando o muro de separación da zona do estanque da rúa.	F
Despois de tres horas de <b>vela</b> foise deitar e adormeceu.	O forte vento enchía a <b>vela</b> daquela dorna.	F
Estas mazás <b>saben</b> que gorentan.	Que mal <b>sabe</b> este queixo!	T
Hoxe non é tan importante a produción de lá como antes e medrou en cambio a produción de carne de <b>cordeiro</b> e de leite para queixos.	Aprendeu a <b>cordeeiro</b> do seu pai.	F
Achegouse a ela e pasoulle a man polo <b>queixo</b>.	Eu que me <b>queixo</b> sempre da falta de cultura de Lalín!	F
Os <b>xinetes</b> preparáronse para comezar a proba.	Viñan dous <b>cabaleiros</b> a galope pola chaira.	T
Castigounos encerrados no seu <b>dormitorio</b>.	Voume atrasar un <b>cuarto</b> de hora.	F
Con tanta terra o tubo vaise <b>atacar</b>.	Con tanta terra o tubo vaise <b>atrancar</b>.	T
É un actor moi completo, nunca necesitou un <b>substituto</b>.	Ten o <b>dobre</b> de anos ca min. 	F
Leva un anel no <b>mediano</b>.	Puxo a sortella no <b>mediano</b> da man dereita.	T
Eran tantos que parecían un <b>cardume</b> de xurelos.	Nesta vila hai moitos <b>bancos</b> para gardar os aforros.	F
Metín os cartos no <b>banco</b>.	Nesta vila hai moitos <b>bancos</b> para gardar os aforros.	T
Proba estas <b>cirolas</b> marelas.	Houbo intres de gran felicidade cando eu era neno e iamos á da señora Munda apañar unhas <b>ameixas</b>... 	T
Despois de moito discutiren, chegaron a un completo <b>acordo</b>.	Eu <b>acordo</b> todas as mañás antes das 7.	F
Eran tantos que parecían un <b>cardume</b> de xurelos.	Sentamos nun <b>asento</b> do xardín.	F
Tivo varias <b>pedras</b> biliares.	Ten que haber algún erro nos <b>cálculos</b> porque o resultado non é correcto.	F
Vai ter lugar a elección da próxima <b>dirección</b> dos Xogos Olímpicos.	A cidade foi tamén <b>sede</b> das organizacións falanxistas e dalgúns ministerios.	F
Desde a rocha víanse pequenos <b>cardumes</b> de robaliza.	Tamén se instalou un gran <b>banco</b> de madeira no frontal e unha bancada aproveitando o muro de separación da zona do estanque da rúa.	F
Ten o <b>dobre</b> de anos ca min. 	É un actor moi completo, nunca necesitou un <b>dobre</b>.	F
Hoxe vén no xornal un <b>texto</b> sobre o problema da droga.	Envía todas as semanas un <b>texto</b> para publicar no xornal.	T
As <b>costuras</b> desta camisa danme moita calor.	As <b>mangas</b> desta camisa danme moita calor.	F
Un caldiño para soportar a febre e tomar froitas como o kiwi e <b>ameixas</b> para poñer fin ás dores abdominais por estrinximento.	Aprendín a nadar na antiga praia de Pontevedra, e reparei, aínda neno, na extraordinaria riqueza en <b>ameixas</b> e croques.	F
Eu non me <b>laio</b> de que haxa cambios, que son imprescindibles, senón de que o estado de cousas que coñecemos non está evoluíndo ou "progresando".	Caeu e bateu co <b>queixelo</b> no chan.	F
Temos que chegar a un <b>pacto</b>.	Eu <b>acordo</b> todas as mañás antes das 7.	F
A <b>localización</b> do evento será decidida esta semana.	Quen atopara unha fonte para calmar esta <b>secura</b>.	F
Dez é o <b>antónimo</b> de cinco. 	Seis é o <b>duplo</b> de tres.	F
Viñan dous <b>xinetes</b> a galope pola chaira.	Ergueuse pola mañá cun <b>cabalo</b> no pescozo.	F
Antes do <b>año</b> compartimos unha ración de polbo e unha espectacular tortilla de pataca.	O <b>año</b> tamén é unha boa razón para tirar a rolla dun viño Syrah, así como as carnes de porco.	T
Querían <b>atacar</b> para despois roubar!	Querían <b>agredir</b> para despois roubar!	T
A cidade foi tamén <b>sede</b> das organizacións falanxistas e dalgúns ministerios.	Vou á fonte por auga, que teño <b>sede</b>.	F
Tamén se instalou un gran <b>banco</b> de madeira no frontal e unha bancada aproveitando o muro de separación da zona do estanque da rúa.	Eran tantos que parecían un <b>banco</b> de xurelos.	F
Aínda non <b>coñece</b> o resultado.	A comida esta non me <b>sabe</b> nada.	F
De sobremesa tomou <b>queixo</b> con marmelo.	Caeu e bateu co <b>queixelo</b> no chan.	F
Cambiou os mobles do <b>cuarto</b> dos nenos.	Chegou tan cansado que foi directo para o <b>cuarto</b>.	T
Non son quen de maxinar a un camelo pasando polo <b>burato</b> dunha agulla.	Eu <b>ollo</b> a xente feliz e reflíctome neles.	F
Levaba no pelo <b>fitas</b> de cores.	Canción de éxito do noso <b>grupo</b>.	F
Metín os cartos no <b>banco</b>.	Sentamos nun <b>banco</b> do xardín.	F
Os <b>xinetes</b> preparáronse para comezar a proba.	Da mala postura acabou collendo un <b>cabaleiro</b>.	F
Tomou un batido de <b>manga</b> moi cremoso.	Miña nai comprou un vestido sen <b>mangas</b> para levar á festa.	F
As <b>follas</b> dos castiñeiros agromaban.	As <b>cepas</b> dos castiñeiros agromaban.	F
A <b>localización</b> do evento será decidida esta semana.	Vai ter lugar a elección da próxima <b>sede</b> dos Xogos Olímpicos.	T
Desde a rocha víanse pequenos <b>cardumes</b> de robaliza.	Sentamos nun <b>asento</b> do xardín.	F
Con tanta terra o tubo vaise <b>atrancar</b>.	Querían <b>atacar</b> para despois roubar!	F
Hoxe vén no xornal un <b>texto</b> sobre o problema da droga.	Naquel bazar había máis <b>artigos</b> que peixes no mar!	F
Aínda vai <b>atacar</b> aquel cano con tanta lama como baixa.	Mandara unha expedición para <b>atacar</b> os portos galegos.	F
Vou á fonte por auga, que teño <b>fame</b>.	Vou á fonte por auga, que teño <b>sede</b>.	F
Meteu o <b>capón</b> no galiñeiro.	Os romanos temían seren atacados polos <b>galos</b> durante as súas invasións.	F
A espiga do trigo xa comeza a <b>aparecer</b>.	A espiga do trigo xa comeza a <b>apodrentar</b>.	F
Eu que me <b>queixo</b> sempre da falta de cultura de Lalín!	Eu sempre me <b>queixo</b> do soldo, sobre todo cando os xefes andan á escoita.	T
Viñan dous <b>asnos</b> a galope pola chaira.	Asento que se emprega para poñer nas costas do cabalo e sentar o <b>cabaleiro</b> con maior comodidade.	F
Naquel bazar había máis <b>artigos</b> que peixes no mar!	Unha tenda de <b>papel</b> de regalo.	F
Gústalle moito escoitar a este <b>grupo</b>.	Canción de éxito do noso <b>grupo</b>.	T
O <b>capón</b> andaba tras das polas.	Os romanos temían seren atacados polos <b>galos</b> durante as súas invasións.	F
Metín os cartos no <b>banco</b>.	Eran tantos que parecían un <b>banco</b> de xurelos.	F
Desde a rocha víanse pequenos <b>cardumes</b> de robaliza.	Metín os cartos na <b>caixa de aforros</b>.	F
Ergueuse pola mañá cun <b>cabalo</b> no pescozo.	Ergueuse pola mañá cun <b>mosquito</b> no pescozo.	F
Segundo os meus <b>cálculos</b> acabaremos en tres días.	Faga as <b>contas</b> do que lle debo.	T
O seu rostro evidenciaba a fatiga e as noites de <b>vixilia</b>.	O rapaz pasou toda a noite en <b>vela</b>.	T
Eu sempre me <b>queixo</b> do soldo, sobre todo cando os xefes andan á escoita.	Eu non me <b>laio</b> de que haxa cambios, que son imprescindibles, senón de que o estado de cousas que coñecemos non está evoluíndo ou "progresando".	T
Para atraeren as robalizas iscaban <b>bolo</b> vivo.	Para acompañar o xantar compramos un <b>molete</b> de quilo e medio.	F
Meteu o fío pola <b>alfiestra</b> dunha agulla.	Non son quen de maxinar a un camelo pasando polo <b>burato</b> dunha agulla.	T
Ela <b>coñece</b> o funcionamento da máquina.	Aínda non <b>sabe</b> o resultado.	T
En Galicia existe evidencia de consumo de ostras, mexillóns e <b>ameixas</b> nestas terras xa dende o século IV antes de Cristo.	Aprendín a nadar na antiga praia de Pontevedra, e reparei, aínda neno, na extraordinaria riqueza en <b>algas</b> e croques.	F
Segundo os meus <b>cálculos</b> acabaremos en tres días.	Un <b>cálculo</b> renal pode producir moita dor.	F
Tés que <b>anotar</b> todo o que eu che diga.	As primeiras flores <b>apuntan</b> nesta época.	F
Os <b>xinetes</b> preparáronse para comezar a proba.	Viñan dous <b>asnos</b> a galope pola chaira.	F
Con tanta terra o tubo vaise <b>atacar</b>.	O camiño estase a <b>atacar</b> de lama coa enxurrada.	T
Temos que chegar a un <b>acordo</b>.	Temos que chegar a un <b>pacto</b>.	T
Levaba no pelo <b>fitas</b> de cores.	Gústalle moito escoitar a este <b>grupo</b>.	F
Os <b>franceses</b> elixiron os seus representantes políticos.	Os <b>franceses</b> son amantes da boa cociña.	T
Despois de tres horas de <b>vela</b> foise deitar e adormeceu.	O rapaz pasou toda a noite en <b>soños</b>.	F
Se <b>sabe</b> o porqué da súa actitude, será por algo.	Aínda non <b>coñece</b> o resultado.	T
A cidade foi tamén <b>sede</b> das organizacións falanxistas e dalgúns ministerios.	Quen atopara unha fonte para calmar esta <b>secura</b>.	F
Un caldiño para soportar a febre e tomar froitas como o kiwi e <b>ameixas</b> para poñer fin ás dores abdominais por estrinximento.	Un caldiño para soportar a febre e tomar froitas como o kiwi e <b>mazás</b> para poñer fin ás dores abdominais por estrinximento.	F
Eran tantos que parecían un <b>cardume</b> de xurelos.	Metín os cartos na <b>caixa de aforros</b>.	F
Para acompañar o xantar compramos un <b>bolo</b> de quilo e medio.	Encántalle comer o <b>bolo</b> de pan antes da sopa.	T
O meniño do veciño chora sempre ás seis da mañá, xusto na hora que eu <b>esperto</b> estes días.	Temos que chegar a un <b>pacto</b>.	F
Un caldiño para soportar a febre e tomar froitas como o kiwi e <b>ameixas</b> para poñer fin ás dores abdominais por estrinximento.	Proba estas <b>cirolas</b> marelas.	T
Eu <b>esquezo</b> a xente feliz e reflíctome neles.	Eu <b>ollo</b> a xente feliz e reflíctome neles.	F
Eu <b>acordo</b> todas as mañás antes das 7.	Temos que chegar a un <b>acordo</b>.	F
A figueira partiu pola <b>coza</b>.	A <b>cocedura</b> do pan deixou un agradable cheiro na cociña.	F
Doíalle moito o <b>anular</b> da man esquerda.	O médico non che vai <b>anular</b> a consulta!	F
Eran tantos que parecían un <b>cardume</b> de xurelos.	Antes de largar a arte cómpre localizar os <b>bancos</b> de peixe.	T
Antes do <b>chourizo</b> compartimos unha ración de polbo e unha espectacular tortilla de pataca.	Antes do <b>cordeiro</b> compartimos unha ración de polbo e unha espectacular tortilla de pataca.	F
A <b>anchura</b> da nave era o que máis chamaba a atención.	Botoulle <b>manga</b> á ensalada.	F
É un actor moi completo, nunca necesitou un <b>descanso</b>.	As escenas máis perigosas fainas o <b>dobre</b>, para evitar riscos.	F
Eu non me <b>laio</b> de que haxa cambios, que son imprescindibles, senón de que o estado de cousas que coñecemos non está evoluíndo ou "progresando".	Eu que me <b>queixo</b> sempre da falta de cultura de Lalín!	T
O petroleiro tiña vinte metros de <b>manga</b>.	Mandou construir unha embarcación de maior <b>manga</b>.	T
A espiga do trigo xa comeza a <b>aparecer</b>.	<b>Anotou</b> todos os números de teléfono na axenda.	F
A <b>cocedura</b> do pan deixou un agradable cheiro na cociña.	As <b>cozas</b> dos castiñeiros agromaban.	F
Vai ter lugar a elección da próxima <b>localización</b> dos Xogos Olímpicos.	A <b>localización</b> do evento será decidida esta semana.	T
Quitáronlle unha <b>pedra</b> do ril.	Tivo varias <b>pedras</b> biliares.	T
Antes de largar a arte cómpre localizar os <b>bancos</b> de peixe.	Nesta vila hai moitos <b>bancos</b> para gardar os aforros.	F
Metín os cartos na <b>caixa de aforros</b>.	Antes de largar a arte cómpre localizar os <b>bancos</b> de peixe.	F
Os xenerais utilizan unha <b>fita</b> vermella no seu traxe de gala.	Gústalle moito escoitar a este <b>grupo</b>.	F
A <b>localización</b> do evento será decidida esta semana.	Vai ter lugar a elección da próxima <b>dirección</b> dos Xogos Olímpicos.	F
A etiqueta da botella ten unha <b>banda</b> diagonal.	Os domingos pola mañá toca a <b>banda</b>.	F
Esta orde vai <b>invalidar</b> as anteriores.	Doíalle moito o <b>anular</b> da man esquerda.	F
Seis é o <b>duplo</b> de tres.	É un actor moi completo, nunca necesitou un <b>substituto</b>.	F
Tivo varios <b>cálculos</b> biliares.	Tivo varias <b>operacións</b> biliares.	F
Doíalle moito o <b>anular</b> da man esquerda.	Leva un anel no <b>mediano</b>.	T
O alento ten como única vía de saída un orificio do tamaño do <b>ollo</b> dunha agulla.	Hoxe eu <b>ollo</b> a noticia co ollar do escéptico que ten unha pregunta que non quere calar:	F
A comida esta non me <b>agrada</b> nada.	Ela <b>coñece</b> o funcionamento da máquina.	F
Temos que chegar a un <b>acordo</b>.	Temos que chegar a un <b>bosque</b>.	F
Os xenerais utilizan unha <b>banda</b> vermella no seu traxe de gala.	Gústalle moito escoitar a este <b>grupo</b>.	F
A comida esta non me <b>agrada</b> nada.	Estas mazás <b>saben</b> que gorentan.	T
Viñan dous <b>cabaleiros</b> a galope pola chaira.	Ergueuse pola mañá cun <b>cabaleiro</b> no pescozo.	F
Encántalle comer o <b>bolo</b> de pan antes da sopa.	Para acompañar o xantar compramos un <b>molete</b> de quilo e medio.	T
Con tanta terra o tubo vaise <b>manchar</b>.	Con tanta terra o tubo vaise <b>atacar</b>.	F
Na <b>cepa</b> podre dun piñeiro naceron uns cogomelos.	A <b>cocedura</b> do pan deixou un agradable cheiro na cociña.	F
Puxo a sortella no <b>mediano</b> da man dereita.	Esta orde vai <b>invalidar</b> as anteriores.	F
Tamén se instalou un gran <b>banco</b> de madeira no frontal e unha bancada aproveitando o muro de separación da zona do estanque da rúa.	Unha consumidora acudiu a unha <b>entidade financeira</b> para solicitar un préstamo e foille denegado por falta de solvencia.	F
Caíalle a baba pola <b>barbela</b> abaixo.	Eu sempre me <b>queixo</b> do soldo, sobre todo cando os xefes andan á escoita.	F
Temos que chegar a un <b>acordo</b>.	Despois de moito discutiren, chegaron a un completo <b>acordo</b>.	T
Meteu o fío polo <b>ollo</b> dunha agulla.	Hoxe eu <b>ollo</b> a noticia co ollar do escéptico que ten unha pregunta que non quere calar:	F
Unha tenda de <b>artigos</b> de regalo.	Envía todas as semanas un <b>texto</b> para publicar no xornal.	F
Que mal <b>sabe</b> este queixo!	Se <b>sabe</b> o porqué da súa actitude, será por algo.	F
Tivo varias <b>operacións</b> biliares.	Un <b>cálculo</b> renal pode producir moita dor.	F
O médico non che vai <b>anular</b> a consulta!	Queren <b>invalidar</b> todo o proceso.	T
As <b>mangas</b> desta camisa danme moita calor.	Tomou un batido de <b>manga</b> moi cremoso.	F
Naceu no segundo <b>terzo</b> do século.	Naceu no segundo <b>cuarto</b> do século.	F
Eu que me <b>laio</b> sempre da falta de cultura de Lalín!	Eu que me <b>queixo</b> sempre da falta de cultura de Lalín!	T
A comida esta non me <b>agrada</b> nada.	Aínda non <b>coñece</b> o resultado.	F
Este <b>cordeiro</b> traballa moito con cánabo.	Antes do <b>año</b> compartimos unha ración de polbo e unha espectacular tortilla de pataca.	F
O <b>dobre</b> é tan bo que chegará a ser o protagonista principal!	É un actor moi completo, nunca necesitou un <b>substituto</b>.	T
Sentamos nun <b>banco</b> do xardín.	Nesta vila hai moitos <b>bancos</b> para gardar os aforros.	F
Camiño e <b>miro</b> ao meu arredor:	O alento ten como única vía de saída un orificio do tamaño do <b>ollo</b> dunha agulla.	F
O rapaz pasou toda a noite en <b>vela</b>.	O rapaz pasou toda a noite en <b>vixilia</b>.	T
Con tanta terra o tubo vaise <b>manchar</b>.	Con tanta terra o tubo vaise <b>atrancar</b>.	F
Achegouse a ela e pasoulle a man polo <b>queixo</b>.	Eu non me <b>laio</b> de que haxa cambios, que son imprescindibles, senón de que o estado de cousas que coñecemos non está evoluíndo ou "progresando".	F
Por culpa da luz <b>acordo</b> moi cedo.	Temos que chegar a un <b>acordo</b>.	F
A comida esta non me <b>agrada</b> nada.	Se <b>sabe</b> o porqué da súa actitude, será por algo.	F
Canción de éxito da nosa <b>cultura</b>.	Canción de éxito da nosa <b>banda</b>.	F
Os <b>cordeiros</b> desempeñan un oficio totalmente artesanal.	Aprendeu a <b>cordeeiro</b> do seu pai.	T
O rapaz pasou toda a noite en <b>vixilia</b>.	O galeón navegaba con pouca <b>vela</b>.	F
Mandara unha expedición para <b>atacar</b> os portos galegos.	Querían <b>atacar</b> para despois roubar!	T
Esta orde vai <b>invalidar</b> as anteriores.	Queren <b>invalidar</b> todo o proceso.	T
O poeta escribiu no terceiro <b>cuartel</b> do século XIII.	Naceu no segundo <b>cuarto</b> do século.	T
Vou á fonte por auga, que teño <b>secura</b>.	Vai ter lugar a elección da próxima <b>localización</b> dos Xogos Olímpicos.	F
Con 20 anos e a barba aínda non lle está a <b>aparecer</b>...	A espiga do trigo xa comeza a <b>apuntar</b>.	T
Para atraeren as robalizas iscaban <b>bolo</b> vivo.	En toda a tarde só pescaron dous <b>bolos</b> pequenos.	T
Canción de éxito da nosa <b>cultura</b>.	Canción de éxito do noso <b>grupo</b>.	F
De sobremesa tomou <b>castañas</b> con marmelo.	De sobremesa tomou <b>queixo</b> con marmelo.	F
Un caldiño para soportar a febre e tomar froitas como o kiwi e <b>mazás</b> para poñer fin ás dores abdominais por estrinximento.	Proba estas <b>cirolas</b> marelas.	F
Tamén se instalou un gran <b>banco</b> de madeira no frontal e unha bancada aproveitando o muro de separación da zona do estanque da rúa.	Sentamos nun <b>lado</b> do xardín.	F
A <b>coza</b> do pan deixou un agradable cheiro na cociña.	As <b>cepas</b> dos castiñeiros agromaban.	F
Segundo os meus <b>cálculos</b> acabaremos en tres días.	Ten que haber algún erro nas <b>contas</b> porque o resultado non é correcto.	T
O <b>molete</b> tiña a codia un pouco dura.	En toda a tarde só pescaron dous <b>bolos</b> pequenos.	F
Botoulle <b>manga</b> á ensalada.	Botoulle <b>tomate</b> á ensalada.	F
O galeón navegaba con pouco <b>pano</b>.	O galeón navegaba con pouca <b>tripulación</b>.	F
Hoxe eu <b>ollo</b> a noticia co ollar do escéptico que ten unha pregunta que non quere calar:	Meteu o fío pola <b>alfiestra</b> dunha agulla.	F
Miña nai comprou un vestido sen <b>mangas</b> para levar á festa.	O petroleiro tiña vinte metros de <b>manga</b>.	F
Por culpa da luz <b>esperto</b> moi cedo.	Por culpa da luz <b>acordo</b> moi cedo.	T
Achegouse a ela e pasoulle a man polo <b>brazo</b>.	Caíalle a baba pola <b>barbela</b> abaixo.	F
Esta orde vai <b>anular</b> as anteriores.	Esta orde vai <b>invalidar</b> as anteriores.	T
En Galicia existe evidencia de consumo de ostras, mexillóns e <b>ameixas</b> nestas terras xa dende o século IV antes de Cristo.	Un caldiño para soportar a febre e tomar froitas como o kiwi e <b>ameixas</b> para poñer fin ás dores abdominais por estrinximento.	F
Unha tenda de <b>artigos</b> de regalo.	Publicou un <b>artigo</b> de opinión nunha revista dixital.	F
É un actor moi completo, nunca necesitou un <b>descanso</b>.	É un actor moi completo, nunca necesitou un <b>substituto</b>.	F
Que mal <b>sabe</b> este queixo!	A comida esta non me <b>sabe</b> nada.	T
Eran tantos que parecían un <b>cardume</b> de xurelos.	Este <b>asento</b> de pedra é algo incómodo.	F
O exército foi <b>agredir</b> un país estranxeiro.	Querían <b>atacar</b> para despois roubar!	T
Unha tenda de <b>papel</b> de regalo.	Unha tenda de <b>artigos</b> de regalo.	F
A comida esta non me <b>custa</b> nada.	A comida esta non me <b>sabe</b> nada.	F
Envía todas as semanas un <b>texto</b> para publicar no xornal.	Tiña moitos <b>obxectos</b> nos estantes do seu comercio.	F
Tomou un batido de <b>manga</b> moi cremoso.	Mandou construir unha embarcación de maior <b>manga</b>.	F
Meteu o fío polo <b>ollo</b> dunha agulla.	Non son quen de maxinar a un camelo pasando polo <b>burato</b> dunha agulla.	T
Cómpre reparar o <b>velame</b> despois dunha viaxe tan longa.	Despois de tres horas de <b>vela</b> foise deitar e adormeceu.	F
Dez é o <b>dobre</b> de cinco. 	As escenas máis perigosas fainas o <b>dobre</b>, para evitar riscos.	F
Aínda non <b>coñece</b> o resultado.	Aínda non <b>esquece</b> o resultado.	F
Un <b>cálculo</b> renal pode producir moita dor.	Tivo varias <b>pedras</b> biliares.	T
Despois de moito discutiren, chegaron a un completo <b>acordo</b>.	Por culpa da luz <b>acordo</b> moi cedo.	F
Metín os cartos no <b>bolso</b>.	Metín os cartos na <b>caixa de aforros</b>.	F
Botoulle <b>manga</b> á ensalada.	O petroleiro tiña vinte metros de <b>anchura</b>.	F
Antes de largar a arte cómpre localizar os <b>bancos</b> de peixe.	Sentamos nun <b>banco</b> do xardín.	F
Metín os cartos na <b>caixa de aforros</b>.	Nesta vila hai moitos <b>bancos</b> para gardar os aforros.	T
A <b>anchura</b> da nave era o que máis chamaba a atención.	O petroleiro tiña vinte metros de <b>manga</b>.	T
Mandou construir unha embarcación de maior <b>manga</b>.	O petroleiro tiña vinte metros de <b>anchura</b>.	T
Un caldiño para soportar a febre e tomar froitas como o kiwi e <b>cirolas</b> para poñer fin ás dores abdominais por estrinximento.	En Galicia existe evidencia de consumo de ostras, mexillóns e <b>ameixas</b> nestas terras xa dende o século IV antes de Cristo.	F
Vou á fonte por auga, que teño <b>secura</b>.	A cidade foi tamén <b>sede</b> das organizacións falanxistas e dalgúns ministerios.	F
Quitáronlle unha <b>pedra</b> do ril.	Ten que haber algún erro nos <b>cálculos</b> porque o resultado non é correcto.	F
Faga as <b>contas</b> do que lle debo.	Ten que haber algún erro nas <b>contas</b> porque o resultado non é correcto.	T
Leva un anel no <b>anular</b>.	Esta orde vai <b>invalidar</b> as anteriores.	F
Aínda non <b>sabe</b> o resultado.	Aínda non <b>esquece</b> o resultado.	F
O poeta escribiu no terceiro <b>cuartel</b> do século XIII.	Castigounos encerrados no seu <b>dormitorio</b>.	F
Dez é o <b>dobre</b> de cinco. 	Dez é o <b>antónimo</b> de cinco. 	F
Botoulle <b>tomate</b> á ensalada.	Tomou un batido de <b>manga</b> moi cremoso.	F
Viñan dous <b>xinetes</b> a galope pola chaira.	Ergueuse pola mañá cun <b>cabaleiro</b> no pescozo.	F
Hoxe non é tan importante a produción de lá como antes e medrou en cambio a produción de carne de <b>cordeiro</b> e de leite para queixos.	Antes do <b>cordeiro</b> compartimos unha ración de polbo e unha espectacular tortilla de pataca.	T
<b>Apuntou</b> todos os números de teléfono na axenda.	Rompeulle o lapis e non pode <b>apuntar</b> máis nada.	T
O meniño do veciño chora sempre ás seis da mañá, xusto na hora que eu <b>esperto</b> estes días.	Temos que chegar a un <b>acordo</b>.	F
Achegouse a ela e pasoulle a man polo <b>brazo</b>.	Achegouse a ela e pasoulle a man polo <b>queixo</b>.	F
Un caldiño para soportar a febre e tomar froitas como o kiwi e <b>ameixas</b> para poñer fin ás dores abdominais por estrinximento.	Un caldiño para soportar a febre e tomar froitas como o kiwi e <b>cirolas</b> para poñer fin ás dores abdominais por estrinximento.	T
O <b>dobre</b> é tan bo que chegará a ser o protagonista principal!	É un actor moi completo, nunca necesitou un <b>dobre</b>.	T
A <b>cocedura</b> do pan deixou un agradable cheiro na cociña.	As <b>cepas</b> dos castiñeiros agromaban.	F
Os <b>xinetes</b> preparáronse para comezar a proba.	Viñan dous <b>xinetes</b> a galope pola chaira.	T
Os <b>franceses</b> elixiron os seus representantes políticos.	Os romanos temían seren atacados polos <b>galos</b> durante as súas invasións.	T
Tiña moitos <b>obxectos</b> nos estantes do seu comercio.	Naquel bazar había máis <b>artigos</b> que peixes no mar!	T
Eu non me <b>laio</b> de que haxa cambios, que son imprescindibles, senón de que o estado de cousas que coñecemos non está evoluíndo ou "progresando".	Achegouse a ela e pasoulle a man pola <b>queixada</b>.	F
Gústalle moito escoitar a este <b>grupo</b>.	A etiqueta da botella ten unha <b>banda</b> diagonal.	F
A <b>anchura</b> da nave era o que máis chamaba a atención.	As <b>mangas</b> desta camisa danme moita calor.	F
Ergueuse pola mañá cun <b>cabaleiro</b> no pescozo.	Ao moveres a cabeza quéixaste moito da dor que che dá ese <b>cabalo</b>!	T
O petroleiro tiña vinte metros de <b>anchura</b>.	Miña nai comprou un vestido sen <b>mangas</b> para levar á festa.	F
Envía todas as semanas un <b>texto</b> para publicar no xornal.	Hoxe vén no xornal un <b>artigo</b> sobre o problema da droga.	T
Os <b>galos</b> elixiron os seus representantes políticos.	Os <b>franceses</b> son amantes da boa cociña.	T
Cambiou os mobles do <b>xogo</b> dos nenos.	Castigounos encerrados no seu <b>dormitorio</b>.	F
Ten o <b>dobre</b> de anos ca min. 	Dez é o <b>duplo</b> de cinco. 	T
Non son quen de maxinar a un camelo pasando polo <b>burato</b> dunha agulla.	Camiño e <b>miro</b> ao meu arredor:	F
Os xenerais utilizan unha <b>fita</b> vermella no seu traxe de gala.	Os domingos pola mañá toca a <b>banda</b>.	F
Os <b>galos</b> elixiron os seus representantes políticos.	Meteu o <b>capón</b> no galiñeiro.	F
Cambiou os mobles do <b>xogo</b> dos nenos.	Cambiou os mobles do <b>cuarto</b> dos nenos.	F
Desde a rocha víanse pequenos <b>cardumes</b> de robaliza.	Unha consumidora acudiu a unha <b>entidade financeira</b> para solicitar un préstamo e foille denegado por falta de solvencia.	F
Vai ter lugar a elección da próxima <b>localización</b> dos Xogos Olímpicos.	Quen atopara unha fonte para calmar esta <b>secura</b>.	F
Vai ter lugar a elección da próxima <b>localización</b> dos Xogos Olímpicos.	A calor e o esforzo producen <b>sede</b>.	F
O forte vento enchía a <b>vela</b> daquela dorna.	O rapaz pasou toda a noite en <b>vela</b>.	F
Vou á fonte por auga, que teño <b>sede</b>.	A calor e o esforzo producen <b>sede</b>.	T
Meteu o fío polo <b>ollo</b> dunha agulla.	Eu <b>ollo</b> a xente feliz e reflíctome neles.	F
Os <b>escravos</b> elixiron os seus representantes políticos.	Os <b>galos</b> elixiron os seus representantes políticos.	F
Da mala postura acabou collendo un <b>cabaleiro</b>.	Viñan dous <b>cabaleiros</b> a galope pola chaira.	F
Ten que haber algún erro nas <b>contas</b> porque o resultado non é correcto.	Ten que haber algún erro nos <b>froitos</b> porque o resultado non é correcto.	F
Meteu o <b>galo</b> no galiñeiro.	Os romanos temían seren atacados polos <b>galos</b> durante as súas invasións.	F
Estas mazás <b>saben</b> que gorentan.	Se <b>sabe</b> o porqué da súa actitude, será por algo.	F
Saíron os bolos abecerrados por un defecto de <b>cocción</b>.	A <b>coza</b> do pan deixou un agradable cheiro na cociña.	T
Nesta vila hai moitos <b>bancos</b> para gardar os aforros.	Desde a rocha víanse pequenos <b>cardumes</b> de robaliza.	F
Todas as mañás o acordaba o canto dos <b>galos</b>.	Os <b>galos</b> elixiron os seus representantes políticos.	F
Viñan dous <b>cabaleiros</b> a galope pola chaira.	Ergueuse pola mañá cun <b>cabalo</b> no pescozo.	F
Vou á fonte por auga, que teño <b>secura</b>.	Quen atopara unha fonte para calmar esta <b>secura</b>.	T
Os <b>cordeeiros</b> desempeñan un oficio totalmente artesanal.	Antes do <b>cordeiro</b> compartimos unha ración de polbo e unha espectacular tortilla de pataca.	F
Eu que me <b>laio</b> sempre da falta de cultura de Lalín!	Caíalle a baba pola <b>barbela</b> abaixo.	F
Naceu no segundo <b>cuartel</b> do século.	Cambiou os mobles do <b>dormitorio</b> dos nenos.	F
Vou á fonte por auga, que teño <b>fame</b>.	Quen atopara unha fonte para calmar esta <b>secura</b>.	F
As escenas máis perigosas fainas o <b>dobre</b>, para evitar riscos.	Dez é o <b>duplo</b> de cinco. 	F
Con tanta terra o tubo vaise <b>atacar</b>.	Querían <b>atacar</b> para despois roubar!	F
Caeu e bateu co <b>queixelo</b> no chan.	Achegouse a ela e pasoulle a man polo <b>brazo</b>.	F
Este <b>asento</b> de pedra é algo incómodo.	Unha consumidora acudiu a unha <b>entidade financeira</b> para solicitar un préstamo e foille denegado por falta de solvencia.	F
Con tanta terra o tubo vaise <b>atacar</b>.	Aínda vai <b>atacar</b> aquel cano con tanta lama como baixa.	T
O galeón navegaba con pouco <b>pano</b>.	Cómpre reparar o <b>velame</b> despois dunha viaxe tan longa.	T
Achegouse a ela e pasoulle a man polo <b>queixo</b>.	Achegouse a ela e pasoulle a man pola <b>queixada</b>.	T
Cómpre reparar o <b>velame</b> despois dunha viaxe tan longa.	O forte vento enchía a <b>vela</b> daquela dorna.	T
A calor e o esforzo producen <b>sede</b>.	Vou á fonte por auga, que teño <b>secura</b>.	T
Hoxe vén no xornal un <b>artigo</b> sobre o problema da droga.	Publicou un <b>artigo</b> de opinión nunha revista dixital.	T
Botoulle <b>manga</b> á ensalada.	Tomou un batido de <b>manga</b> moi cremoso.	T
O forte vento enchía a <b>vela</b> daquela dorna.	O galeón navegaba con pouca <b>vela</b>.	T
Tés que <b>anotar</b> todo o que eu che diga.	<b>Riscou</b> todos os números de teléfono na axenda.	F
Canción de éxito do noso <b>grupo</b>.	A etiqueta da botella ten unha <b>banda</b> diagonal.	F
Para acompañar o xantar compramos un <b>bolo</b> de quilo e medio.	Para atraeren as robalizas iscaban <b>bolo</b> vivo.	F
Temos que chegar a un <b>pacto</b>.	Temos que chegar a un <b>bosque</b>.	F
Achegouse a ela e pasoulle a man polo <b>queixo</b>.	De sobremesa tomou <b>queixo</b> con marmelo.	F
O camiño estase a <b>atacar</b> de lama coa enxurrada.	Mandara unha expedición para <b>atacar</b> os portos galegos.	F
Este <b>cordeiro</b> traballa moito con cánabo.	O <b>año</b> tamén é unha boa razón para tirar a rolla dun viño Syrah, así como as carnes de porco.	F
O galeón navegaba con pouco <b>pano</b>.	Despois de tres horas de <b>vela</b> foise deitar e adormeceu.	F
Por culpa da luz <b>esperto</b> moi cedo.	Temos que chegar a un <b>acordo</b>.	F
Tivo varias <b>operacións</b> biliares.	Tivo varias <b>pedras</b> biliares.	F
Ten que haber algún erro nas <b>contas</b> porque o resultado non é correcto.	Tivo varias <b>pedras</b> biliares.	F
Temos que chegar a un <b>pacto</b>.	Por culpa da luz <b>acordo</b> moi cedo.	F
Encántalle comer o <b>bolo</b> de pan antes da sopa.	O <b>molete</b> tiña a codia un pouco dura.	T
O poeta escribiu no terceiro <b>cuartel</b> do século XIII.	Voume atrasar un <b>cuarto</b> de hora.	T
Eran tantos que parecían un <b>banco</b> de xurelos.	Eran tantos que parecían <b>escamas</b> de xurelos.	F
Eu <b>vexo</b> a xente feliz e reflíctome neles.	Hoxe eu <b>ollo</b> a noticia co ollar do escéptico que ten unha pregunta que non quere calar:	T
Chegou tan cansado que foi directo para o <b>cuarto</b>.	Naceu no segundo <b>cuartel</b> do século.	F
Ergueuse pola mañá cun <b>cabalo</b> no pescozo.	Ao moveres a cabeza quéixaste moito da dor que che dá ese <b>cabalo</b>!	T
Eu que me <b>laio</b> sempre da falta de cultura de Lalín!	Achegouse a ela e pasoulle a man polo <b>queixo</b>.	F
Ergueuse pola mañá cun <b>cabaleiro</b> no pescozo.	Da mala postura acabou collendo un <b>cabaleiro</b>.	T
<b>Apuntou</b> todos os números de teléfono na axenda.	<b>Anotou</b> todos os números de teléfono na axenda.	T
Para acompañar o xantar compramos un <b>bolo</b> de quilo e medio.	O <b>molete</b> tiña a codia un pouco dura.	T
O <b>dobre</b> é tan bo que chegará a ser o protagonista principal!	Dez é o <b>dobre</b> de cinco. 	F
Os <b>cordeeiros</b> desempeñan un oficio totalmente artesanal.	Hoxe non é tan importante a produción de lá como antes e medrou en cambio a produción de carne de <b>cordeiro</b> e de leite para queixos.	F
O camiño estase a <b>atacar</b> de lama coa enxurrada.	Querían <b>atacar</b> para despois roubar!	F
Esta orde vai <b>anular</b> as anteriores.	Doíalle moito o <b>anular</b> da man esquerda.	F
Aprendeu a <b>cordeeiro</b> do seu pai.	Antes do <b>cordeiro</b> compartimos unha ración de polbo e unha espectacular tortilla de pataca.	F
Camiño e <b>miro</b> ao meu arredor:	Meteu o fío polo <b>ollo</b> dunha agulla.	F
Se <b>sabe</b> o porqué da súa actitude, será por algo.	A comida esta non me <b>sabe</b> nada.	F
Caeu e bateu co <b>queixelo</b> no chan.	Caíalle a baba pola <b>barbela</b> abaixo.	T
Envía todas as semanas un <b>texto</b> para publicar no xornal.	Hoxe vén no xornal un <b>anuncio</b> sobre o problema da droga.	F
Aínda non <b>coñece</b> o resultado.	Estas mazás <b>saben</b> que gorentan.	F
O exército foi <b>agredir</b> un país estranxeiro.	Querían <b>agredir</b> para despois roubar!	T
A etiqueta da botella ten unha <b>banda</b> diagonal.	Levaba no pelo <b>fitas</b> de cores.	T
Nesta vila hai moitos <b>bancos</b> para gardar os aforros.	Metín os cartos no <b>bolso</b>.	F
Proba estas <b>cirolas</b> marelas.	Un caldiño para soportar a febre e tomar froitas como o kiwi e <b>cirolas</b> para poñer fin ás dores abdominais por estrinximento.	T
Ten que haber algún erro nas <b>contas</b> porque o resultado non é correcto.	Tivo varios <b>cálculos</b> biliares.	F
É importante darlles unha boa <b>coza</b> para que non rompan as bolas.	As <b>cepas</b> dos castiñeiros agromaban.	F
A cidade foi tamén <b>sede</b> das organizacións falanxistas e dalgúns ministerios.	Vai ter lugar a elección da próxima <b>sede</b> dos Xogos Olímpicos.	T
Eu <b>esquezo</b> a xente feliz e reflíctome neles.	Camiño e <b>miro</b> ao meu arredor:	F
A figueira partiu pola <b>coza</b>.	É importante darlles unha boa <b>coza</b> para que non rompan as bolas.	F
Os <b>franceses</b> son amantes da boa cociña.	Os <b>escravos</b> elixiron os seus representantes políticos.	F
Faga as <b>contas</b> do que lle debo.	Un <b>cálculo</b> renal pode producir moita dor.	F
Leva un anel no <b>pé</b>.	Leva un anel no <b>mediano</b>.	F
Hoxe vén no xornal un <b>texto</b> sobre o problema da droga.	Hoxe vén no xornal un <b>artigo</b> sobre o problema da droga.	T
Ten o <b>dobre</b> de anos ca min. 	Seis é o <b>duplo</b> de tres.	T
<b>Apuntou</b> todos os números de teléfono na axenda.	<b>Riscou</b> todos os números de teléfono na axenda.	F
Esta orde vai <b>anular</b> as anteriores.	Leva un anel no <b>anular</b>.	F
Achegouse a ela e pasoulle a man pola <b>queixada</b>.	Eu que me <b>queixo</b> sempre da falta de cultura de Lalín!	F
Un caldiño para soportar a febre e tomar froitas como o kiwi e <b>cirolas</b> para poñer fin ás dores abdominais por estrinximento.	Aprendín a nadar na antiga praia de Pontevedra, e reparei, aínda neno, na extraordinaria riqueza en <b>ameixas</b> e croques.	F
Os romanos temían seren atacados polos <b>galos</b> durante as súas invasións.	Os <b>escravos</b> elixiron os seus representantes políticos.	F
Este <b>asento</b> de pedra é algo incómodo.	Metín os cartos no <b>banco</b>.	F
Meteu o <b>capón</b> no galiñeiro.	O <b>capón</b> andaba tras das polas.	T
Vai ter lugar a elección da próxima <b>sede</b> dos Xogos Olímpicos.	Vou á fonte por auga, que teño <b>sede</b>.	F
Por culpa da luz <b>esperto</b> moi cedo.	Despois de moito discutiren, chegaron a un completo <b>acordo</b>.	F
Segundo os meus <b>cálculos</b> acabaremos en tres días.	Tivo varios <b>cálculos</b> biliares.	F
O exército foi <b>agredir</b> un país estranxeiro.	Con tanta terra o tubo vaise <b>atacar</b>.	F
Os <b>galos</b> elixiron os seus representantes políticos.	Os <b>franceses</b> elixiron os seus representantes políticos.	T
Os <b>franceses</b> elixiron os seus representantes políticos.	Meteu o <b>capón</b> no galiñeiro.	F
Fomos a unhas xornadas gastronómicas do <b>queixo</b>.	De sobremesa tomou <b>queixo</b> con marmelo.	T
O galeón navegaba con pouca <b>vela</b>.	Despois de tres horas de <b>vela</b> foise deitar e adormeceu.	F
Ten que haber algún erro nos <b>cálculos</b> porque o resultado non é correcto.	Un <b>cálculo</b> renal pode producir moita dor.	F
Eu que me <b>laio</b> sempre da falta de cultura de Lalín!	Eu non me <b>laio</b> de que haxa cambios, que son imprescindibles, senón de que o estado de cousas que coñecemos non está evoluíndo ou "progresando".	T
É un actor moi completo, nunca necesitou un <b>descanso</b>.	É un actor moi completo, nunca necesitou un <b>dobre</b>.	F
Gústalle moito escoitar a este <b>grupo</b>.	Canción de éxito da nosa <b>cultura</b>.	F
Eran tantos que parecían un <b>cardume</b> de xurelos.	Eran tantos que parecían un <b>banco</b> de xurelos.	T
<b>Anotou</b> todos os números de teléfono na axenda.	Con 20 anos e a barba aínda non lle está a <b>aparecer</b>...	F
Que mal <b>sabe</b> este queixo!	A comida esta non me <b>agrada</b> nada.	T
O galeón navegaba con pouco <b>pano</b>.	O rapaz pasou toda a noite en <b>vixilia</b>.	F
Hoxe vén no xornal un <b>artigo</b> sobre o problema da droga.	Naquel bazar había máis <b>artigos</b> que peixes no mar!	F
Os <b>cordeiros</b> desempeñan un oficio totalmente artesanal.	Os <b>cordeeiros</b> desempeñan un oficio totalmente artesanal.	T
A <b>anchura</b> da nave era o que máis chamaba a atención.	Mandou construir unha embarcación de maior <b>manga</b>.	T
Nesta vila hai moitos <b>bancos</b> para gardar os aforros.	Unha consumidora acudiu a unha <b>entidade financeira</b> para solicitar un préstamo e foille denegado por falta de solvencia.	T
É importante darlles unha boa <b>coza</b> para que non rompan as bolas.	A <b>codia</b> do pan deixou un agradable cheiro na cociña.	F
Metín os cartos no <b>banco</b>.	Antes de largar a arte cómpre localizar os <b>bancos</b> de peixe.	F
<b>Apuntou</b> todos os números de teléfono na axenda.	Con 20 anos e a barba aínda non lle está a <b>aparecer</b>...	F
Leva un anel no <b>anular</b>.	Queren <b>invalidar</b> todo o proceso.	F
Cambiou os mobles do <b>dormitorio</b> dos nenos.	Castigounos encerrados no seu <b>dormitorio</b>.	T
Eu que me <b>laio</b> sempre da falta de cultura de Lalín!	Fomos a unhas xornadas gastronómicas do <b>queixo</b>.	F
Unha consumidora acudiu a unha <b>entidade financeira</b> para solicitar un préstamo e foille denegado por falta de solvencia.	Antes de largar a arte cómpre localizar os <b>bancos</b> de peixe.	F
Cambiou os mobles do <b>dormitorio</b> dos nenos.	Naceu no segundo <b>cuarto</b> do século.	F
A <b>cocedura</b> do pan deixou un agradable cheiro na cociña.	A <b>coza</b> do pan deixou un agradable cheiro na cociña.	T
A figueira partiu pola <b>coza</b>.	As <b>follas</b> dos castiñeiros agromaban.	F
Miña nai comprou un vestido sen <b>mangas</b> para levar á festa.	Mandou construir unha embarcación de maior <b>manga</b>.	F
Os domingos pola mañá toca a <b>banda</b>.	Gústalle moito escoitar a este <b>grupo</b>.	T
Con tanta terra o tubo vaise <b>atacar</b>.	Querían <b>agredir</b> para despois roubar!	F
Ergueuse pola mañá cun <b>cabaleiro</b> no pescozo.	Asento que se emprega para poñer nas costas do cabalo e sentar o <b>cabaleiro</b> con maior comodidade.	F
Aprendeu a <b>cordeeiro</b> do seu pai.	O <b>año</b> tamén é unha boa razón para tirar a rolla dun viño Syrah, así como as carnes de porco.	F
Tés que <b>anotar</b> todo o que eu che diga.	Rompeulle o lapis e non pode <b>apuntar</b> máis nada.	T
O seu rostro evidenciaba a fatiga e as noites de <b>vixilia</b>.	O rapaz pasou toda a noite en <b>vixilia</b>.	T
Faga as <b>contas</b> do que lle debo.	Quitáronlle unha <b>pedra</b> do ril.	F
Houbo intres de gran felicidade cando eu era neno e iamos á da señora Munda apañar unhas <b>ameixas</b>... 	Un caldiño para soportar a febre e tomar froitas como o kiwi e <b>ameixas</b> para poñer fin ás dores abdominais por estrinximento.	T
Viñan dous <b>xinetes</b> a galope pola chaira.	Viñan dous <b>asnos</b> a galope pola chaira.	F
As <b>cozas</b> dos castiñeiros agromaban.	As <b>follas</b> dos castiñeiros agromaban.	F
Leva un anel no <b>anular</b>.	Puxo a sortella no <b>mediano</b> da man dereita.	T
Naceu no segundo <b>cuartel</b> do século.	O poeta escribiu no terceiro <b>cuartel</b> do século XIII.	T
Antes do <b>chourizo</b> compartimos unha ración de polbo e unha espectacular tortilla de pataca.	O <b>año</b> tamén é unha boa razón para tirar a rolla dun viño Syrah, así como as carnes de porco.	F
A espiga do trigo xa comeza a <b>aparecer</b>.	As primeiras flores <b>apuntan</b> nesta época.	T
Metín os cartos no <b>banco</b>.	Unha consumidora acudiu a unha <b>entidade financeira</b> para solicitar un préstamo e foille denegado por falta de solvencia.	T
Os <b>carpinteiros</b> desempeñan un oficio totalmente artesanal.	Os <b>cordeeiros</b> desempeñan un oficio totalmente artesanal.	F
Houbo un <b>pacto</b> entre o goberno e a oposición.	Despois de moito discutiren, chegaron a un completo <b>acordo</b>.	T
Sentamos nun <b>lado</b> do xardín.	Sentamos nun <b>banco</b> do xardín.	F
Os romanos temían seren atacados polos <b>galos</b> durante as súas invasións.	Todas as mañás o acordaba o canto dos <b>galos</b>.	F
Vai ter lugar a elección da próxima <b>localización</b> dos Xogos Olímpicos.	A cidade foi tamén <b>sede</b> das organizacións falanxistas e dalgúns ministerios.	T
O alento ten como única vía de saída un orificio do tamaño do <b>ollo</b> dunha agulla.	Meteu o fío pola <b>caixa</b> dunha agulla.	F
Eu <b>acordo</b> todas as mañás antes das 7.	Por culpa da luz <b>esperto</b> moi cedo.	T
Este <b>cordeiro</b> traballa moito con cánabo.	Hoxe non é tan importante a produción de lá como antes e medrou en cambio a produción de carne de <b>cordeiro</b> e de leite para queixos.	F
Tés que <b>anotar</b> todo o que eu che diga.	<b>Apuntou</b> todos os números de teléfono na axenda.	T
Canción de éxito do noso <b>grupo</b>.	Canción de éxito da nosa <b>banda</b>.	T
Os xenerais utilizan unha <b>banda</b> vermella no seu traxe de gala.	Canción de éxito da nosa <b>banda</b>.	F
Os <b>franceses</b> elixiron os seus representantes políticos.	Os <b>escravos</b> elixiron os seus representantes políticos.	F
Caeu e bateu co <b>queixelo</b> no chan.	Eu que me <b>laio</b> sempre da falta de cultura de Lalín!	F
Houbo intres de gran felicidade cando eu era neno e iamos á da señora Munda apañar unhas <b>ameixas</b>... 	Un caldiño para soportar a febre e tomar froitas como o kiwi e <b>cirolas</b> para poñer fin ás dores abdominais por estrinximento.	T
<b>Anotou</b> todos os números de teléfono na axenda.	Tés que <b>anotar</b> todo o que eu che diga.	T
Dez é o <b>duplo</b> de cinco. 	Dez é o <b>antónimo</b> de cinco. 	F
Voume atrasar un <b>cuarto</b> de hora.	Naceu no segundo <b>cuarto</b> do século.	T
Esta orde vai <b>reforzar</b> as anteriores.	Queren <b>invalidar</b> todo o proceso.	F
Por culpa da luz <b>acordo</b> moi cedo.	Por culpa da luz <b>durmo</b> moi cedo.	F
Eu que me <b>laio</b> sempre da falta de cultura de Lalín!	Eu sempre me <b>queixo</b> do soldo, sobre todo cando os xefes andan á escoita.	T
Para acompañar o xantar compramos un <b>filete</b> de quilo e medio.	Encántalle comer o <b>bolo</b> de pan antes da sopa.	F
Meteu o <b>millo</b> no galiñeiro.	O <b>capón</b> andaba tras das polas.	F
Despois de tres horas de <b>vela</b> foise deitar e adormeceu.	O rapaz pasou toda a noite en <b>vixilia</b>.	T
Os xenerais utilizan unha <b>banda</b> vermella no seu traxe de gala.	Canción de éxito do noso <b>grupo</b>.	F
Quitáronlle unha <b>pedra</b> do ril.	Tivo varias <b>operacións</b> biliares.	F
Meteu o <b>capón</b> no galiñeiro.	Os <b>franceses</b> son amantes da boa cociña.	F
Con 20 anos e a barba aínda non lle está a <b>aparecer</b>...	As primeiras flores <b>apuntan</b> nesta época.	T
Canción de éxito da nosa <b>banda</b>.	Os xenerais utilizan unha <b>fita</b> vermella no seu traxe de gala.	F
Na <b>cepa</b> podre dun piñeiro naceron uns cogomelos.	As <b>cepas</b> dos castiñeiros agromaban.	T
Eran tantos que parecían <b>escamas</b> de xurelos.	Desde a rocha víanse pequenos <b>cardumes</b> de robaliza.	F
Caeu e bateu co <b>queixelo</b> no chan.	Achegouse a ela e pasoulle a man pola <b>queixada</b>.	T
Mandou construir unha embarcación de maior <b>manga</b>.	O petroleiro tiña vinte metros de <b>eslora</b>.	F
Os romanos temían seren atacados polos <b>galos</b> durante as súas invasións.	Os <b>franceses</b> son amantes da boa cociña.	T
Hoxe vén no xornal un <b>texto</b> sobre o problema da droga.	Unha tenda de <b>obxectos</b> de regalo.	F
É importante darlles unha boa <b>coza</b> para que non rompan as bolas.	Na <b>cepa</b> podre dun piñeiro naceron uns cogomelos.	F
Esta orde vai <b>reforzar</b> as anteriores.	Esta orde vai <b>invalidar</b> as anteriores.	F
Canción de éxito do noso <b>grupo</b>.	Os domingos pola mañá toca a <b>banda</b>.	T
Esta orde vai <b>anular</b> as anteriores.	O médico non che vai <b>anular</b> a consulta!	T
O exército foi <b>agredir</b> un país estranxeiro.	Aínda vai <b>atacar</b> aquel cano con tanta lama como baixa.	F
Vou á fonte por auga, que teño <b>secura</b>.	Vou á fonte por auga, que teño <b>fame</b>.	F
Meteu o fío pola <b>alfiestra</b> dunha agulla.	O alento ten como única vía de saída un orificio do tamaño do <b>ollo</b> dunha agulla.	T
Ela <b>coñece</b> o funcionamento da máquina.	Aínda non <b>coñece</b> o resultado.	T
Sentamos nun <b>banco</b> do xardín.	Metín os cartos na <b>caixa de aforros</b>.	F
A espiga do trigo xa comeza a <b>apuntar</b>.	<b>Apuntou</b> todos os números de teléfono na axenda.	F
En Galicia existe evidencia de consumo de ostras, mexillóns e <b>ameixas</b> nestas terras xa dende o século IV antes de Cristo.	Aprendín a nadar na antiga praia de Pontevedra, e reparei, aínda neno, na extraordinaria riqueza en <b>ameixas</b> e croques.	T
Naquel bazar había máis <b>artigos</b> que peixes no mar!	Publicou un <b>artigo</b> de opinión nunha revista dixital.	F
Antes do <b>cordeiro</b> compartimos unha ración de polbo e unha espectacular tortilla de pataca.	Este <b>cordeiro</b> traballa moito con cánabo.	F
O galeón navegaba con pouca <b>vela</b>.	Cómpre reparar o <b>velame</b> despois dunha viaxe tan longa.	T
Miña nai comprou un vestido sen <b>mangas</b> para levar á festa.	As <b>mangas</b> desta camisa danme moita calor.	T
Leva un anel no <b>anular</b>.	Leva un anel no <b>pé</b>.	F
Segundo os meus <b>cálculos</b> acabaremos en tres días.	Quitáronlle unha <b>pedra</b> do ril.	F
Tomou un batido de <b>manga</b> moi cremoso.	O petroleiro tiña vinte metros de <b>anchura</b>.	F
Hoxe non é tan importante a produción de lá como antes e medrou en cambio a produción de carne de <b>cordeiro</b> e de leite para queixos.	Os <b>cordeiros</b> desempeñan un oficio totalmente artesanal.	F
Faga as <b>contas</b> do que lle debo.	Ten que haber algún erro nos <b>froitos</b> porque o resultado non é correcto.	F
Antes do <b>año</b> compartimos unha ración de polbo e unha espectacular tortilla de pataca.	Aprendeu a <b>cordeeiro</b> do seu pai.	F
Saíron os bolos abecerrados por un defecto de <b>cocción</b>.	A figueira partiu pola <b>coza</b>.	F
<b>Anotou</b> todos os números de teléfono na axenda.	<b>Riscou</b> todos os números de teléfono na axenda.	F
O galeón navegaba con pouca <b>vela</b>.	O galeón navegaba con pouca <b>tripulación</b>.	F
Hoxe vén no xornal un <b>texto</b> sobre o problema da droga.	Hoxe vén no xornal un <b>anuncio</b> sobre o problema da droga.	F
Eran tantos que parecían un <b>cardume</b> de xurelos.	Desde a rocha víanse pequenos <b>cardumes</b> de robaliza.	T
Nesta vila hai moitos <b>bancos</b> para gardar os aforros.	Sentamos nun <b>asento</b> do xardín.	F
Este <b>asento</b> de pedra é algo incómodo.	Antes de largar a arte cómpre localizar os <b>bancos</b> de peixe.	F
O poeta escribiu no terceiro <b>cuartel</b> do século XIII.	Cambiou os mobles do <b>cuarto</b> dos nenos.	F
Este <b>cordeiro</b> traballa moito con cánabo.	Os <b>carpinteiros</b> desempeñan un oficio totalmente artesanal.	F
Temos que chegar a un <b>acordo</b>.	Houbo un <b>pacto</b> entre o goberno e a oposición.	T
Ao moveres a cabeza quéixaste moito da dor que che dá ese <b>cabalo</b>!	Viñan dous <b>xinetes</b> a galope pola chaira.	F
Os xenerais utilizan unha <b>fita</b> vermella no seu traxe de gala.	A etiqueta da botella ten unha <b>banda</b> diagonal.	T
Por culpa da luz <b>durmo</b> moi cedo.	Por culpa da luz <b>esperto</b> moi cedo.	F
Vai ter lugar a elección da próxima <b>sede</b> dos Xogos Olímpicos.	A calor e o esforzo producen <b>sede</b>.	F
Naceu no segundo <b>cuartel</b> do século.	Voume atrasar un <b>cuarto</b> de hora.	T
É un actor moi completo, nunca necesitou un <b>dobre</b>.	Dez é o <b>dobre</b> de cinco. 	F
Para atraeren as robalizas iscaban <b>bolo</b> vivo.	Encántalle comer o <b>bolo</b> de pan antes da sopa.	F
Ao moveres a cabeza quéixaste moito da dor que che dá ese <b>cabalo</b>!	Ergueuse pola mañá cun <b>mosquito</b> no pescozo.	F
O petroleiro tiña vinte metros de <b>anchura</b>.	As <b>mangas</b> desta camisa danme moita calor.	F
Metín os cartos na <b>caixa de aforros</b>.	Eran tantos que parecían un <b>banco</b> de xurelos.	F
Eu non me <b>laio</b> de que haxa cambios, que son imprescindibles, senón de que o estado de cousas que coñecemos non está evoluíndo ou "progresando".	Caíalle a baba pola <b>barbela</b> abaixo.	F
Este <b>asento</b> de pedra é algo incómodo.	Nesta vila hai moitos <b>bancos</b> para gardar os aforros.	F
Os xenerais utilizan unha <b>banda</b> vermella no seu traxe de gala.	Os xenerais utilizan unha <b>fita</b> vermella no seu traxe de gala.	T
Hoxe vén no xornal un <b>artigo</b> sobre o problema da droga.	Hoxe vén no xornal un <b>anuncio</b> sobre o problema da droga.	F
Dez é o <b>duplo</b> de cinco. 	Seis é o <b>duplo</b> de tres.	T
Houbo un <b>pacto</b> entre o goberno e a oposición.	Temos que chegar a un <b>pacto</b>.	T
Sentamos nun <b>asento</b> do xardín.	Metín os cartos no <b>banco</b>.	F
Unha tenda de <b>artigos</b> de regalo.	Hoxe vén no xornal un <b>texto</b> sobre o problema da droga.	F
Cambiou os mobles do <b>dormitorio</b> dos nenos.	Cambiou os mobles do <b>xogo</b> dos nenos.	F
É un actor moi completo, nunca necesitou un <b>substituto</b>.	As escenas máis perigosas fainas o <b>dobre</b>, para evitar riscos.	T
Eran tantos que parecían un <b>cardume</b> de xurelos.	Tamén se instalou un gran <b>banco</b> de madeira no frontal e unha bancada aproveitando o muro de separación da zona do estanque da rúa.	F
Voume atrasar un <b>cuarto</b> de hora.	Cambiou os mobles do <b>dormitorio</b> dos nenos.	F
A figueira partiu pola <b>coza</b>.	A <b>coza</b> do pan deixou un agradable cheiro na cociña.	F
Unha consumidora acudiu a unha <b>entidade financeira</b> para solicitar un préstamo e foille denegado por falta de solvencia.	Sentamos nun <b>asento</b> do xardín.	F
Os xenerais utilizan unha <b>medalla</b> vermella no seu traxe de gala.	Levaba no pelo <b>fitas</b> de cores.	F
Metín os cartos no <b>banco</b>.	Metín os cartos na <b>caixa de aforros</b>.	T
Cambiou os mobles do <b>cuarto</b> dos nenos.	Voume atrasar un <b>cuarto</b> de hora.	F
As <b>cozas</b> dos castiñeiros agromaban.	A figueira partiu pola <b>coza</b>.	T
Desde a rocha víanse pequenos <b>cardumes</b> de robaliza.	Sentamos nun <b>banco</b> do xardín.	F
Cambiou os mobles do <b>dormitorio</b> dos nenos.	Cambiou os mobles do <b>cuarto</b> dos nenos.	T
Este <b>asento</b> de pedra é algo incómodo.	Metín os cartos na <b>caixa de aforros</b>.	F
Os xenerais utilizan unha <b>banda</b> vermella no seu traxe de gala.	Os xenerais utilizan unha <b>medalla</b> vermella no seu traxe de gala.	F
Da mala postura acabou collendo un <b>cabaleiro</b>.	Ergueuse pola mañá cun <b>mosquito</b> no pescozo.	F
Aprendín a nadar na antiga praia de Pontevedra, e reparei, aínda neno, na extraordinaria riqueza en <b>ameixas</b> e croques.	Aprendín a nadar na antiga praia de Pontevedra, e reparei, aínda neno, na extraordinaria riqueza en <b>algas</b> e croques.	F
O forte vento enchía a <b>vela</b> daquela dorna.	O seu rostro evidenciaba a fatiga e as noites de <b>vixilia</b>.	F
Tés que <b>anotar</b> todo o que eu che diga.	A espiga do trigo xa comeza a <b>aparecer</b>.	F
A <b>localización</b> do evento será decidida esta semana.	A calor e o esforzo producen <b>sede</b>.	F
Antes de largar a arte cómpre localizar os <b>bancos</b> de peixe.	Eran tantos que parecían <b>escamas</b> de xurelos.	F
Despois de moito discutiren, chegaron a un completo <b>acordo</b>.	Temos que chegar a un <b>bosque</b>.	F
<b>Apuntou</b> todos os números de teléfono na axenda.	A espiga do trigo xa comeza a <b>aparecer</b>.	F
Eu que me <b>alegro</b> sempre da falta de cultura de Lalín!	Eu que me <b>laio</b> sempre da falta de cultura de Lalín!	F
Tiña moitos <b>obxectos</b> nos estantes do seu comercio.	Unha tenda de <b>papel</b> de regalo.	F
O rapaz pasou toda a noite en <b>vela</b>.	O rapaz pasou toda a noite en <b>soños</b>.	F
Naceu no segundo <b>cuartel</b> do século.	Naceu no segundo <b>terzo</b> do século.	F
Os <b>cordeeiros</b> desempeñan un oficio totalmente artesanal.	Este <b>cordeiro</b> traballa moito con cánabo.	T
Esta orde vai <b>invalidar</b> as anteriores.	O médico non che vai <b>anular</b> a consulta!	T
O forte vento enchía a <b>vela</b> daquela dorna.	O rapaz pasou toda a noite en <b>vixilia</b>.	F
<b>Anotou</b> todos os números de teléfono na axenda.	Rompeulle o lapis e non pode <b>apuntar</b> máis nada.	T
Asento que se emprega para poñer nas costas do cabalo e sentar o <b>cabaleiro</b> con maior comodidade.	Viñan dous <b>xinetes</b> a galope pola chaira.	T
Estas mazás <b>saben</b> que gorentan.	Aínda non <b>sabe</b> o resultado.	F
Aínda vai <b>atacar</b> aquel cano con tanta lama como baixa.	Con tanta terra o tubo vaise <b>atrancar</b>.	T
A etiqueta da botella ten unha <b>banda</b> diagonal.	Os xenerais utilizan unha <b>banda</b> vermella no seu traxe de gala.	T
Este <b>asento</b> de pedra é algo incómodo.	Sentamos nun <b>asento</b> do xardín.	T
Eu non me <b>laio</b> de que haxa cambios, que son imprescindibles, senón de que o estado de cousas que coñecemos non está evoluíndo ou "progresando".	Fomos a unhas xornadas gastronómicas do <b>queixo</b>.	F
O meniño do veciño chora sempre ás seis da mañá, xusto na hora que eu <b>esperto</b> estes días.	Houbo un <b>pacto</b> entre o goberno e a oposición.	F
Caeu e bateu co <b>queixelo</b> no chan.	Eu que me <b>queixo</b> sempre da falta de cultura de Lalín!	F
Os domingos pola mañá toca a <b>banda</b>.	Os xenerais utilizan unha <b>banda</b> vermella no seu traxe de gala.	F
Achegouse a ela e pasoulle a man pola <b>queixada</b>.	Fomos a unhas xornadas gastronómicas do <b>queixo</b>.	F
Meteu o <b>galo</b> no galiñeiro.	Os <b>franceses</b> elixiron os seus representantes políticos.	F
O alento ten como única vía de saída un orificio do tamaño do <b>ollo</b> dunha agulla.	Eu <b>vexo</b> a xente feliz e reflíctome neles.	F
Eu <b>esquezo</b> a xente feliz e reflíctome neles.	Hoxe eu <b>ollo</b> a noticia co ollar do escéptico que ten unha pregunta que non quere calar:	F
Querían <b>observar</b> para despois roubar!	Querían <b>atacar</b> para despois roubar!	F
Aprendín a nadar na antiga praia de Pontevedra, e reparei, aínda neno, na extraordinaria riqueza en <b>ameixas</b> e croques.	Houbo intres de gran felicidade cando eu era neno e iamos á da señora Munda apañar unhas <b>ameixas</b>... 	F
Tomou un batido de <b>manga</b> moi cremoso.	O petroleiro tiña vinte metros de <b>manga</b>.	F
A <b>cocedura</b> do pan deixou un agradable cheiro na cociña.	A <b>codia</b> do pan deixou un agradable cheiro na cociña.	F
Antes do <b>cordeiro</b> compartimos unha ración de polbo e unha espectacular tortilla de pataca.	Antes do <b>año</b> compartimos unha ración de polbo e unha espectacular tortilla de pataca.	T
As escenas máis perigosas fainas o <b>dobre</b>, para evitar riscos.	O <b>dobre</b> é tan bo que chegará a ser o protagonista principal!	T
Metín os cartos no <b>banco</b>.	Desde a rocha víanse pequenos <b>cardumes</b> de robaliza.	F
As <b>cozas</b> dos castiñeiros agromaban.	A <b>coza</b> do pan deixou un agradable cheiro na cociña.	F
Os <b>xinetes</b> preparáronse para comezar a proba.	Ergueuse pola mañá cun <b>cabaleiro</b> no pescozo.	F
Canción de éxito da nosa <b>banda</b>.	Levaba no pelo <b>fitas</b> de cores.	F
Antes do <b>cordeiro</b> compartimos unha ración de polbo e unha espectacular tortilla de pataca.	Os <b>cordeiros</b> desempeñan un oficio totalmente artesanal.	F
Antes de largar a arte cómpre localizar os <b>bancos</b> de peixe.	Tamén se instalou un gran <b>banco</b> de madeira no frontal e unha bancada aproveitando o muro de separación da zona do estanque da rúa.	F
O rapaz pasou toda a noite en <b>soños</b>.	O seu rostro evidenciaba a fatiga e as noites de <b>vixilia</b>.	F
As primeiras flores <b>apuntan</b> nesta época.	Rompeulle o lapis e non pode <b>apuntar</b> máis nada.	F
O galeón navegaba con pouco <b>pano</b>.	O rapaz pasou toda a noite en <b>vela</b>.	F
O meniño do veciño chora sempre ás seis da mañá, xusto na hora que eu <b>esperto</b> estes días.	Por culpa da luz <b>esperto</b> moi cedo.	T
Viñan dous <b>cabaleiros</b> a galope pola chaira.	Asento que se emprega para poñer nas costas do cabalo e sentar o <b>cabaleiro</b> con maior comodidade.	T
O petroleiro tiña vinte metros de <b>eslora</b>.	O petroleiro tiña vinte metros de <b>anchura</b>.	F
Na <b>cepa</b> podre dun piñeiro naceron uns cogomelos.	As <b>follas</b> dos castiñeiros agromaban.	F
Houbo intres de gran felicidade cando eu era neno e iamos á da señora Munda apañar unhas <b>ameixas</b>... 	Un caldiño para soportar a febre e tomar froitas como o kiwi e <b>mazás</b> para poñer fin ás dores abdominais por estrinximento.	F
Ten que haber algún erro nas <b>contas</b> porque o resultado non é correcto.	Quitáronlle unha <b>pedra</b> do ril.	F
Meteu o fío polo <b>ollo</b> dunha agulla.	Eu <b>vexo</b> a xente feliz e reflíctome neles.	F
O seu rostro evidenciaba a fatiga e as noites de <b>vixilia</b>.	O galeón navegaba con pouco <b>pano</b>.	F
Ao moveres a cabeza quéixaste moito da dor que che dá ese <b>cabalo</b>!	Viñan dous <b>cabaleiros</b> a galope pola chaira.	F
Mandara unha expedición para <b>atacar</b> os portos galegos.	Querían <b>observar</b> para despois roubar!	F
Con 20 anos e a barba aínda non lle está a <b>aparecer</b>...	Rompeulle o lapis e non pode <b>apuntar</b> máis nada.	F
De sobremesa tomou <b>queixo</b> con marmelo.	Eu que me <b>queixo</b> sempre da falta de cultura de Lalín!	F
Vai ter lugar a elección da próxima <b>dirección</b> dos Xogos Olímpicos.	Vai ter lugar a elección da próxima <b>localización</b> dos Xogos Olímpicos.	F
Para acompañar o xantar compramos un <b>molete</b> de quilo e medio.	En toda a tarde só pescaron dous <b>bolos</b> pequenos.	F
Vai ter lugar a elección da próxima <b>sede</b> dos Xogos Olímpicos.	Vai ter lugar a elección da próxima <b>dirección</b> dos Xogos Olímpicos.	F
Ten que haber algún erro nos <b>froitos</b> porque o resultado non é correcto.	Ten que haber algún erro nos <b>cálculos</b> porque o resultado non é correcto.	F
Os xenerais utilizan unha <b>fita</b> vermella no seu traxe de gala.	Canción de éxito do noso <b>grupo</b>.	F
Levaba no pelo <b>fitas</b> de cores.	Os xenerais utilizan unha <b>banda</b> vermella no seu traxe de gala.	T
O rapaz pasou toda a noite en <b>vela</b>.	O galeón navegaba con pouca <b>vela</b>.	F
Unha tenda de <b>obxectos</b> de regalo.	Envía todas as semanas un <b>texto</b> para publicar no xornal.	F
Con tanta terra o tubo vaise <b>atrancar</b>.	O exército foi <b>agredir</b> un país estranxeiro.	F
O rapaz pasou toda a noite en <b>vela</b>.	Despois de tres horas de <b>vela</b> foise deitar e adormeceu.	T
Botoulle <b>manga</b> á ensalada.	As <b>mangas</b> desta camisa danme moita calor.	F
Ergueuse pola mañá cun <b>cabalo</b> no pescozo.	Asento que se emprega para poñer nas costas do cabalo e sentar o <b>cabaleiro</b> con maior comodidade.	F
Houbo un <b>pacto</b> entre o goberno e a oposición.	Eu <b>acordo</b> todas as mañás antes das 7.	F
Para atraeren as robalizas iscaban <b>bolo</b> vivo.	O <b>molete</b> tiña a codia un pouco dura.	F
Aprendeu a <b>cordeeiro</b> do seu pai.	Este <b>cordeiro</b> traballa moito con cánabo.	T
Eran tantos que parecían un <b>banco</b> de xurelos.	Unha consumidora acudiu a unha <b>entidade financeira</b> para solicitar un préstamo e foille denegado por falta de solvencia.	F
A espiga do trigo xa comeza a <b>apuntar</b>.	A espiga do trigo xa comeza a <b>apodrentar</b>.	F
Meteu o fío pola <b>alfiestra</b> dunha agulla.	Eu <b>vexo</b> a xente feliz e reflíctome neles.	F
Leva un anel no <b>anular</b>.	Doíalle moito o <b>anular</b> da man esquerda.	T
Leva un anel no <b>pé</b>.	Doíalle moito o <b>anular</b> da man esquerda.	F
Con tanta terra o tubo vaise <b>manchar</b>.	Aínda vai <b>atacar</b> aquel cano con tanta lama como baixa.	F
Este <b>asento</b> de pedra é algo incómodo.	Desde a rocha víanse pequenos <b>cardumes</b> de robaliza.	F
Canción de éxito da nosa <b>banda</b>.	Os domingos pola mañá toca a <b>banda</b>.	T
Levaba no pelo <b>fitas</b> de cores.	Os xenerais utilizan unha <b>fita</b> vermella no seu traxe de gala.	T
Con tanta terra o tubo vaise <b>atrancar</b>.	Mandara unha expedición para <b>atacar</b> os portos galegos.	F
Vou á fonte por auga, que teño <b>sede</b>.	Vou á fonte por auga, que teño <b>secura</b>.	T
Unha tenda de <b>obxectos</b> de regalo.	Tiña moitos <b>obxectos</b> nos estantes do seu comercio.	T
Eu non me <b>laio</b> de que haxa cambios, que son imprescindibles, senón de que o estado de cousas que coñecemos non está evoluíndo ou "progresando".	De sobremesa tomou <b>queixo</b> con marmelo.	F
Eu <b>acordo</b> todas as mañás antes das 7.	Por culpa da luz <b>durmo</b> moi cedo.	F
Estas mazás <b>saben</b> que gorentan.	A comida esta non me <b>sabe</b> nada.	T
Queren <b>invalidar</b> todo o proceso.	Doíalle moito o <b>anular</b> da man esquerda.	F
Eu <b>vexo</b> a xente feliz e reflíctome neles.	Camiño e <b>miro</b> ao meu arredor:	T
Eran tantos que parecían un <b>banco</b> de xurelos.	Antes de largar a arte cómpre localizar os <b>bancos</b> de peixe.	T
Para acompañar o xantar compramos un <b>bolo</b> de quilo e medio.	Para acompañar o xantar compramos un <b>filete</b> de quilo e medio.	F
Con tanta terra o tubo vaise <b>atrancar</b>.	Querían <b>agredir</b> para despois roubar!	F
Puxo a sortella no <b>mediano</b> da man dereita.	Queren <b>invalidar</b> todo o proceso.	F
Eu que me <b>queixo</b> sempre da falta de cultura de Lalín!	Fomos a unhas xornadas gastronómicas do <b>queixo</b>.	F
Os <b>cordeeiros</b> desempeñan un oficio totalmente artesanal.	O <b>año</b> tamén é unha boa razón para tirar a rolla dun viño Syrah, así como as carnes de porco.	F
Despois de moito discutiren, chegaron a un completo <b>acordo</b>.	Temos que chegar a un <b>pacto</b>.	T
Houbo un <b>pacto</b> entre o goberno e a oposición.	Por culpa da luz <b>esperto</b> moi cedo.	F
Canción de éxito da nosa <b>banda</b>.	A etiqueta da botella ten unha <b>banda</b> diagonal.	F
Meteu o <b>millo</b> no galiñeiro.	Todas as mañás o acordaba o canto dos <b>galos</b>.	F
Todas as mañás o acordaba o canto dos <b>galos</b>.	Os <b>franceses</b> elixiron os seus representantes políticos.	F
Aínda non <b>coñece</b> o resultado.	Aínda non <b>sabe</b> o resultado.	T
Hoxe vén no xornal un <b>artigo</b> sobre o problema da droga.	Tiña moitos <b>obxectos</b> nos estantes do seu comercio.	F
O petroleiro tiña vinte metros de <b>manga</b>.	Botoulle <b>manga</b> á ensalada.	F
Cambiou os mobles do <b>cuarto</b> dos nenos.	Naceu no segundo <b>cuartel</b> do século.	F
Desde a rocha víanse pequenos <b>cardumes</b> de robaliza.	Antes de largar a arte cómpre localizar os <b>bancos</b> de peixe.	T
Metín os cartos no <b>banco</b>.	Eran tantos que parecían un <b>cardume</b> de xurelos.	F
Os domingos pola mañá toca a <b>banda</b>.	Levaba no pelo <b>fitas</b> de cores.	F
Queren <b>invalidar</b> todo o proceso.	Esta orde vai <b>anular</b> as anteriores.	T
Ten o <b>dobre</b> de anos ca min. 	O <b>dobre</b> é tan bo que chegará a ser o protagonista principal!	F
Aínda non <b>sabe</b> o resultado.	Que mal <b>sabe</b> este queixo!	F
Se <b>sabe</b> o porqué da súa actitude, será por algo.	Ela <b>coñece</b> o funcionamento da máquina.	T
Vai ter lugar a elección da próxima <b>sede</b> dos Xogos Olímpicos.	Vou á fonte por auga, que teño <b>secura</b>.	F
Vai ter lugar a elección da próxima <b>sede</b> dos Xogos Olímpicos.	Vai ter lugar a elección da próxima <b>localización</b> dos Xogos Olímpicos.	T
Os xenerais utilizan unha <b>medalla</b> vermella no seu traxe de gala.	A etiqueta da botella ten unha <b>banda</b> diagonal.	F
As <b>costuras</b> desta camisa danme moita calor.	Miña nai comprou un vestido sen <b>mangas</b> para levar á festa.	F
Dez é o <b>antónimo</b> de cinco. 	Ten o <b>dobre</b> de anos ca min. 	F
Unha tenda de <b>obxectos</b> de regalo.	Naquel bazar había máis <b>artigos</b> que peixes no mar!	T
O alento ten como única vía de saída un orificio do tamaño do <b>ollo</b> dunha agulla.	Eu <b>ollo</b> a xente feliz e reflíctome neles.	F
Antes do <b>año</b> compartimos unha ración de polbo e unha espectacular tortilla de pataca.	Hoxe non é tan importante a produción de lá como antes e medrou en cambio a produción de carne de <b>cordeiro</b> e de leite para queixos.	T
Viñan dous <b>cabaleiros</b> a galope pola chaira.	Viñan dous <b>xinetes</b> a galope pola chaira.	T
En toda a tarde só pescaron dous <b>bolos</b> pequenos.	Encántalle comer o <b>bolo</b> de pan antes da sopa.	F
Querían <b>agredir</b> para despois roubar!	Aínda vai <b>atacar</b> aquel cano con tanta lama como baixa.	F
Os <b>carpinteiros</b> desempeñan un oficio totalmente artesanal.	Os <b>cordeiros</b> desempeñan un oficio totalmente artesanal.	F
Os <b>cordeiros</b> desempeñan un oficio totalmente artesanal.	Antes do <b>año</b> compartimos unha ración de polbo e unha espectacular tortilla de pataca.	F
O forte vento enchía a <b>vela</b> daquela dorna.	O galeón navegaba con pouca <b>tripulación</b>.	F
O <b>año</b> tamén é unha boa razón para tirar a rolla dun viño Syrah, así como as carnes de porco.	Hoxe non é tan importante a produción de lá como antes e medrou en cambio a produción de carne de <b>cordeiro</b> e de leite para queixos.	T
O camiño estase a <b>atacar</b> de lama coa enxurrada.	O exército foi <b>agredir</b> un país estranxeiro.	F
<b>Anotou</b> todos os números de teléfono na axenda.	As primeiras flores <b>apuntan</b> nesta época.	F
Estas mazás <b>saben</b> que gorentan.	Ela <b>coñece</b> o funcionamento da máquina.	F
A comida esta non me <b>custa</b> nada.	Que mal <b>sabe</b> este queixo!	F
Antes de largar a arte cómpre localizar os <b>bancos</b> de peixe.	Sentamos nun <b>asento</b> do xardín.	F
A <b>localización</b> do evento será decidida esta semana.	Vou á fonte por auga, que teño <b>sede</b>.	F
Aínda non <b>esquece</b> o resultado.	Se <b>sabe</b> o porqué da súa actitude, será por algo.	F
Quitáronlle unha <b>pedra</b> do ril.	Tivo varios <b>cálculos</b> biliares.	T
Querían <b>atacar</b> para despois roubar!	Aínda vai <b>atacar</b> aquel cano con tanta lama como baixa.	F
Chegou tan cansado que foi directo para o <b>cuarto</b>.	Voume atrasar un <b>cuarto</b> de hora.	F
Seis é o <b>duplo</b> de tres.	É un actor moi completo, nunca necesitou un <b>dobre</b>.	F
Non son quen de maxinar a un camelo pasando polo <b>burato</b> dunha agulla.	O alento ten como única vía de saída un orificio do tamaño do <b>ollo</b> dunha agulla.	T
O médico non che vai <b>anular</b> a consulta!	Leva un anel no <b>anular</b>.	F
A espiga do trigo xa comeza a <b>apodrentar</b>.	As primeiras flores <b>apuntan</b> nesta época.	F
Fomos a unhas xornadas gastronómicas do <b>queixo</b>.	Eu sempre me <b>queixo</b> do soldo, sobre todo cando os xefes andan á escoita.	F
Aprendín a nadar na antiga praia de Pontevedra, e reparei, aínda neno, na extraordinaria riqueza en <b>ameixas</b> e croques.	Proba estas <b>cirolas</b> marelas.	F
O médico non che vai <b>anular</b> a consulta!	Puxo a sortella no <b>mediano</b> da man dereita.	F
Todas as mañás o acordaba o canto dos <b>galos</b>.	Meteu o <b>capón</b> no galiñeiro.	T
Publicou un <b>artigo</b> de opinión nunha revista dixital.	Unha tenda de <b>obxectos</b> de regalo.	F
As escenas máis perigosas fainas o <b>dobre</b>, para evitar riscos.	Seis é o <b>duplo</b> de tres.	F
Da mala postura acabou collendo un <b>cabaleiro</b>.	Ao moveres a cabeza quéixaste moito da dor que che dá ese <b>cabalo</b>!	T
Metín os cartos na <b>caixa de aforros</b>.	Tamén se instalou un gran <b>banco</b> de madeira no frontal e unha bancada aproveitando o muro de separación da zona do estanque da rúa.	F
Meteu o fío polo <b>ollo</b> dunha agulla.	Meteu o fío pola <b>alfiestra</b> dunha agulla.	T
En Galicia existe evidencia de consumo de ostras, mexillóns e <b>ameixas</b> nestas terras xa dende o século IV antes de Cristo.	Houbo intres de gran felicidade cando eu era neno e iamos á da señora Munda apañar unhas <b>ameixas</b>... 	F
Todas as mañás o acordaba o canto dos <b>galos</b>.	Meteu o <b>galo</b> no galiñeiro.	T
Meteu o fío pola <b>alfiestra</b> dunha agulla.	Camiño e <b>miro</b> ao meu arredor:	F
Con 20 anos e a barba aínda non lle está a <b>aparecer</b>...	A espiga do trigo xa comeza a <b>aparecer</b>.	T
Hoxe eu <b>ollo</b> a noticia co ollar do escéptico que ten unha pregunta que non quere calar:	Eu <b>ollo</b> a xente feliz e reflíctome neles.	T
Chegou tan cansado que foi directo para o <b>cuarto</b>.	Cambiou os mobles do <b>xogo</b> dos nenos.	F
O petroleiro tiña vinte metros de <b>eslora</b>.	O petroleiro tiña vinte metros de <b>manga</b>.	F
Dez é o <b>dobre</b> de cinco. 	Seis é o <b>duplo</b> de tres.	T
Unha tenda de <b>obxectos</b> de regalo.	Unha tenda de <b>papel</b> de regalo.	F
Caíalle a baba pola <b>barbela</b> abaixo.	Fomos a unhas xornadas gastronómicas do <b>queixo</b>.	F
Dez é o <b>dobre</b> de cinco. 	Dez é o <b>duplo</b> de cinco. 	T
Non son quen de maxinar a un camelo pasando polo <b>burato</b> dunha agulla.	Meteu o fío pola <b>caixa</b> dunha agulla.	F
É importante darlles unha boa <b>coza</b> para que non rompan as bolas.	A <b>coza</b> do pan deixou un agradable cheiro na cociña.	T
Sentamos nun <b>lado</b> do xardín.	Sentamos nun <b>asento</b> do xardín.	F
A <b>anchura</b> da nave era o que máis chamaba a atención.	O petroleiro tiña vinte metros de <b>anchura</b>.	T
A <b>cocedura</b> do pan deixou un agradable cheiro na cociña.	Saíron os bolos abecerrados por un defecto de <b>cocción</b>.	T
<b>Riscou</b> todos os números de teléfono na axenda.	Rompeulle o lapis e non pode <b>apuntar</b> máis nada.	F
A <b>coza</b> do pan deixou un agradable cheiro na cociña.	Na <b>cepa</b> podre dun piñeiro naceron uns cogomelos.	F
Os <b>galos</b> elixiron os seus representantes políticos.	Meteu o <b>galo</b> no galiñeiro.	F
Os domingos pola mañá toca a <b>banda</b>.	Canción de éxito da nosa <b>cultura</b>.	F
Tés que <b>anotar</b> todo o que eu che diga.	A espiga do trigo xa comeza a <b>apuntar</b>.	F
O rapaz pasou toda a noite en <b>vela</b>.	Cómpre reparar o <b>velame</b> despois dunha viaxe tan longa.	F
A <b>codia</b> do pan deixou un agradable cheiro na cociña.	Saíron os bolos abecerrados por un defecto de <b>cocción</b>.	F
Unha tenda de <b>artigos</b> de regalo.	Naquel bazar había máis <b>artigos</b> que peixes no mar!	T
Unha consumidora acudiu a unha <b>entidade financeira</b> para solicitar un préstamo e foille denegado por falta de solvencia.	Eran tantos que parecían un <b>cardume</b> de xurelos.	F
Tamén se instalou un gran <b>banco</b> de madeira no frontal e unha bancada aproveitando o muro de separación da zona do estanque da rúa.	Nesta vila hai moitos <b>bancos</b> para gardar os aforros.	F
Este <b>asento</b> de pedra é algo incómodo.	Tamén se instalou un gran <b>banco</b> de madeira no frontal e unha bancada aproveitando o muro de separación da zona do estanque da rúa.	T
Os xenerais utilizan unha <b>fita</b> vermella no seu traxe de gala.	Os xenerais utilizan unha <b>medalla</b> vermella no seu traxe de gala.	F
Tivo varios <b>cálculos</b> biliares.	Un <b>cálculo</b> renal pode producir moita dor.	T
Dez é o <b>dobre</b> de cinco. 	Ten o <b>dobre</b> de anos ca min. 	T
Fomos a unhas xornadas gastronómicas do <b>queixo</b>.	De sobremesa tomou <b>castañas</b> con marmelo.	F
Eu que me <b>alegro</b> sempre da falta de cultura de Lalín!	Eu que me <b>queixo</b> sempre da falta de cultura de Lalín!	F
Eu <b>acordo</b> todas as mañás antes das 7.	O meniño do veciño chora sempre ás seis da mañá, xusto na hora que eu <b>esperto</b> estes días.	T
Leva un anel no <b>anular</b>.	Leva un anel no <b>mediano</b>.	T
É un actor moi completo, nunca necesitou un <b>substituto</b>.	É un actor moi completo, nunca necesitou un <b>dobre</b>.	T
Mandara unha expedición para <b>atacar</b> os portos galegos.	Querían <b>agredir</b> para despois roubar!	T
Na <b>cepa</b> podre dun piñeiro naceron uns cogomelos.	A figueira partiu pola <b>coza</b>.	T
Unha consumidora acudiu a unha <b>entidade financeira</b> para solicitar un préstamo e foille denegado por falta de solvencia.	Metín os cartos no <b>bolso</b>.	F
Desde a rocha víanse pequenos <b>cardumes</b> de robaliza.	Eran tantos que parecían un <b>banco</b> de xurelos.	T
Esta orde vai <b>reforzar</b> as anteriores.	O médico non che vai <b>anular</b> a consulta!	F
Cómpre reparar o <b>velame</b> despois dunha viaxe tan longa.	O galeón navegaba con pouca <b>tripulación</b>.	F
É un actor moi completo, nunca necesitou un <b>substituto</b>.	Dez é o <b>dobre</b> de cinco. 	F
Para acompañar o xantar compramos un <b>filete</b> de quilo e medio.	O <b>molete</b> tiña a codia un pouco dura.	F
As <b>cozas</b> dos castiñeiros agromaban.	Na <b>cepa</b> podre dun piñeiro naceron uns cogomelos.	T
Hoxe eu <b>ollo</b> a noticia co ollar do escéptico que ten unha pregunta que non quere calar:	Non son quen de maxinar a un camelo pasando polo <b>burato</b> dunha agulla.	F
Metín os cartos na <b>caixa de aforros</b>.	Sentamos nun <b>asento</b> do xardín.	F
Meteu o <b>capón</b> no galiñeiro.	Meteu o <b>galo</b> no galiñeiro.	T
Eu <b>ollo</b> a xente feliz e reflíctome neles.	Eu <b>vexo</b> a xente feliz e reflíctome neles.	T
Envía todas as semanas un <b>texto</b> para publicar no xornal.	Naquel bazar había máis <b>artigos</b> que peixes no mar!	F
Saíron os bolos abecerrados por un defecto de <b>cocción</b>.	Na <b>cepa</b> podre dun piñeiro naceron uns cogomelos.	F
Se <b>sabe</b> o porqué da súa actitude, será por algo.	Aínda non <b>sabe</b> o resultado.	T
Tivo varias <b>pedras</b> biliares.	Tivo varios <b>cálculos</b> biliares.	T
Ten que haber algún erro nos <b>froitos</b> porque o resultado non é correcto.	Segundo os meus <b>cálculos</b> acabaremos en tres días.	F
As escenas máis perigosas fainas o <b>dobre</b>, para evitar riscos.	Ten o <b>dobre</b> de anos ca min. 	F
Eu sempre me <b>queixo</b> do soldo, sobre todo cando os xefes andan á escoita.	Caeu e bateu co <b>queixelo</b> no chan.	F
Eran tantos que parecían un <b>banco</b> de xurelos.	Sentamos nun <b>banco</b> do xardín.	F
A cidade foi tamén <b>sede</b> das organizacións falanxistas e dalgúns ministerios.	A calor e o esforzo producen <b>sede</b>.	F
De sobremesa tomou <b>queixo</b> con marmelo.	Eu sempre me <b>queixo</b> do soldo, sobre todo cando os xefes andan á escoita.	F
Achegouse a ela e pasoulle a man polo <b>queixo</b>.	Fomos a unhas xornadas gastronómicas do <b>queixo</b>.	F
Este <b>asento</b> de pedra é algo incómodo.	Eran tantos que parecían un <b>banco</b> de xurelos.	F
O petroleiro tiña vinte metros de <b>eslora</b>.	A <b>anchura</b> da nave era o que máis chamaba a atención.	F
Ergueuse pola mañá cun <b>cabalo</b> no pescozo.	Da mala postura acabou collendo un <b>cabaleiro</b>.	T
Sentamos nun <b>asento</b> do xardín.	Eran tantos que parecían un <b>banco</b> de xurelos.	F
Vou á fonte por auga, que teño <b>fame</b>.	A calor e o esforzo producen <b>sede</b>.	F
O <b>año</b> tamén é unha boa razón para tirar a rolla dun viño Syrah, así como as carnes de porco.	Antes do <b>cordeiro</b> compartimos unha ración de polbo e unha espectacular tortilla de pataca.	T
Seis é o <b>duplo</b> de tres.	O <b>dobre</b> é tan bo que chegará a ser o protagonista principal!	F
Saíron os bolos abecerrados por un defecto de <b>cocción</b>.	É importante darlles unha boa <b>coza</b> para que non rompan as bolas.	T
Meteu o fío pola <b>caixa</b> dunha agulla.	Meteu o fío polo <b>ollo</b> dunha agulla.	F
Vou á fonte por auga, que teño <b>sede</b>.	Vai ter lugar a elección da próxima <b>localización</b> dos Xogos Olímpicos.	F
Por culpa da luz <b>acordo</b> moi cedo.	Houbo un <b>pacto</b> entre o goberno e a oposición.	F
Castigounos encerrados no seu <b>dormitorio</b>.	Chegou tan cansado que foi directo para o <b>cuarto</b>.	T
A calor e o esforzo producen <b>sede</b>.	Quen atopara unha fonte para calmar esta <b>secura</b>.	T
Os <b>franceses</b> son amantes da boa cociña.	O <b>capón</b> andaba tras das polas.	F
Achegouse a ela e pasoulle a man pola <b>queixada</b>.	Caíalle a baba pola <b>barbela</b> abaixo.	T
Quen atopara unha fonte para calmar esta <b>secura</b>.	Vai ter lugar a elección da próxima <b>sede</b> dos Xogos Olímpicos.	F
Ten que haber algún erro nos <b>cálculos</b> porque o resultado non é correcto.	Segundo os meus <b>cálculos</b> acabaremos en tres días.	T
O meniño do veciño chora sempre ás seis da mañá, xusto na hora que eu <b>esperto</b> estes días.	Por culpa da luz <b>acordo</b> moi cedo.	T
Sentamos nun <b>banco</b> do xardín.	Tamén se instalou un gran <b>banco</b> de madeira no frontal e unha bancada aproveitando o muro de separación da zona do estanque da rúa.	T
O camiño estase a <b>atacar</b> de lama coa enxurrada.	Querían <b>agredir</b> para despois roubar!	F
Os <b>cordeeiros</b> desempeñan un oficio totalmente artesanal.	Antes do <b>año</b> compartimos unha ración de polbo e unha espectacular tortilla de pataca.	F
O seu rostro evidenciaba a fatiga e as noites de <b>vixilia</b>.	Cómpre reparar o <b>velame</b> despois dunha viaxe tan longa.	F
Todas as mañás o acordaba o canto dos <b>galos</b>.	O <b>capón</b> andaba tras das polas.	T
Botoulle <b>manga</b> á ensalada.	Mandou construir unha embarcación de maior <b>manga</b>.	F
Temos que chegar a un <b>pacto</b>.	Por culpa da luz <b>esperto</b> moi cedo.	F
Eu <b>vexo</b> a xente feliz e reflíctome neles.	Eu <b>esquezo</b> a xente feliz e reflíctome neles.	F
De sobremesa tomou <b>queixo</b> con marmelo.	Achegouse a ela e pasoulle a man pola <b>queixada</b>.	F
Voume atrasar un <b>cuarto</b> de hora.	Naceu no segundo <b>terzo</b> do século.	F
Eu <b>ollo</b> a xente feliz e reflíctome neles.	Camiño e <b>miro</b> ao meu arredor:	T
Meteu o fío pola <b>caixa</b> dunha agulla.	Meteu o fío pola <b>alfiestra</b> dunha agulla.	F
Esta orde vai <b>invalidar</b> as anteriores.	Leva un anel no <b>mediano</b>.	F
Achegouse a ela e pasoulle a man polo <b>queixo</b>.	Caíalle a baba pola <b>barbela</b> abaixo.	T
É un actor moi completo, nunca necesitou un <b>dobre</b>.	As escenas máis perigosas fainas o <b>dobre</b>, para evitar riscos.	T
A cidade foi tamén <b>sede</b> das organizacións falanxistas e dalgúns ministerios.	A <b>localización</b> do evento será decidida esta semana.	T
Sentamos nun <b>lado</b> do xardín.	Este <b>asento</b> de pedra é algo incómodo.	F
É importante darlles unha boa <b>coza</b> para que non rompan as bolas.	A <b>cocedura</b> do pan deixou un agradable cheiro na cociña.	T
Caíalle a baba pola <b>barbela</b> abaixo.	De sobremesa tomou <b>queixo</b> con marmelo.	F
Os <b>galos</b> elixiron os seus representantes políticos.	Os romanos temían seren atacados polos <b>galos</b> durante as súas invasións.	T
Que mal <b>sabe</b> este queixo!	Ela <b>coñece</b> o funcionamento da máquina.	F
O petroleiro tiña vinte metros de <b>anchura</b>.	O petroleiro tiña vinte metros de <b>manga</b>.	T
De sobremesa tomou <b>queixo</b> con marmelo.	Eu que me <b>laio</b> sempre da falta de cultura de Lalín!	F
